,title,recipe_amount,recipe_link,recipe_image_link
0,Varškės sausainiai be pridėtinio cukraus,4 asm.,https://www.15min.lt/maistas/receptas/varskes-sausainiai-be-pridetinio-cukraus-8036,https://s1.15min.lt/static/cache/MjIweDIwMCwsNjE2MTYzLG9yaWdpbmFsLCxpZD00NjUwMzU0JmRhdGU9MjAxOSUyRjA0JTJGMzAsMjYzOTU3NjIwNA==/varskes-sausainiai-5cc847e1de7b9.jpg
1,Avienos kotletukai su pistacijomis ir gražgarstėmis,4 asm.,https://www.15min.lt/maistas/receptas/avienos-kotletukai-su-pistacijomis-ir-grazgarstemis-8034,https://s1.15min.lt/static/cache/MjIweDIwMCwxMTk5eDUzNyw2MTYxNjMsb3JpZ2luYWwsLGlkPTQ2NDgyNzImZGF0ZT0yMDE5JTJGMDQlMkYyOSw2MDAyODY1MjY=/kotletai-5cc74038ef474.jpg
2,"Sausainiai su virtais kiaušiniais, šokoladu ir kokosais",4 asm.,https://www.15min.lt/maistas/receptas/sausainiai-su-virtais-kiausiniais-sokoladu-ir-kokosais-8032,https://s1.15min.lt/static/cache/MjIweDIwMCwsNjE2MTYzLG9yaWdpbmFsLCxpZD00NjQ0MTA4JmRhdGU9MjAxOSUyRjA0JTJGMjcsMTIwMjg2NDA5MQ==/sausainiai-su-virtais-kiausiniais-sokoladu-ir-kokosais-5cc40a6498920.jpg
3,Veganiška smidrų tarta,4 asm.,https://www.15min.lt/maistas/receptas/veganiska-smidru-tarta-8030,https://s1.15min.lt/static/cache/MjIweDIwMCwsNjE2MTYzLG9yaWdpbmFsLCxpZD00NjQ2MDQyJmRhdGU9MjAxOSUyRjA0JTJGMjksMjE0NDcxMDQxMg==/augalingo-surio-tortas-su-vysniomis-ir-sokoladu-5cc6a151a52bd.jpg
4,Šokoladinis pyragas su avižiniais dribsniais,6 asm.,https://www.15min.lt/maistas/receptas/sokoladinis-pyragas-su-aviziniais-dribsniais-8028,https://s1.15min.lt/static/cache/MjIweDIwMCwsNjE2MTYzLG9yaWdpbmFsLCxpZD00NjM5NTY4JmRhdGU9MjAxOSUyRjA0JTJGMjUsNzk1ODQ0MjM0/liutauras-ceprackas-ir-sokoladinis-pyragas-5cc174c553e3b.jpg
5,Grietinėje kepti kiaušiniai,2 asm.,https://www.15min.lt/maistas/receptas/grietineje-kepti-kiausiniai-8026,https://s1.15min.lt/static/cache/MjIweDIwMCwsNjE2MTYzLG9yaWdpbmFsLCxpZD00NjQ2ODQ0JmRhdGU9MjAxOSUyRjA0JTJGMjksMjMwMzg0Njg5Mg==/grietineje-kepti-kiausiniai-5cc6c7c810362.jpg
6,Indiškas apelsinų šerbetas,4 asm.,https://www.15min.lt/maistas/receptas/indiskas-apelsinu-serbetas-8024,https://s1.15min.lt/static/cache/MjIweDIwMCwsNjE2MTYzLG9yaWdpbmFsLCxpZD00NjQ0MTAwJmRhdGU9MjAxOSUyRjA0JTJGMjcsMTY0ODM3NTQ2OQ==/indiskas-apelsinu-serbetas-5cc3ff3ee41a4.jpg
7,Šokoladiniai saldainiai su avietiniu įdaru be pridėtinio cukraus,3 asm.,https://www.15min.lt/maistas/receptas/sokoladiniai-saldainiai-su-avietiniu-idaru-be-pridetinio-cukraus-8022,https://s1.15min.lt/static/cache/MjIweDIwMCwsNjE2MTYzLG9yaWdpbmFsLCxpZD00NjQyMTc4JmRhdGU9MjAxOSUyRjA0JTJGMjYsMzg0NzMxNjMxNw==/sokoladiniai-saldainiai-su-avietiniu-idaru-5cc2bd9d92761.jpeg
8,Ant grotelių kepti jautienos šonkauliai su rūkyta paprika ir obuolių sultimis,6 asm.,https://www.15min.lt/maistas/receptas/ant-groteliu-kepti-jautienos-sonkauliai-su-rukyta-paprika-ir-obuoliu-sultimis-8020,https://s1.15min.lt/static/cache/MjIweDIwMCwsNjE2MTYzLG9yaWdpbmFsLCxpZD00NjQwMzA2JmRhdGU9MjAxOSUyRjA0JTJGMjUsNDI3NjI5NzcxMw==/kepti-jautienos-sonkauliai-5cc1a6b72f11f.jpg
9,Nekeptas karamelinis tortas su karamelizuotais riešutais,8 asm.,https://www.15min.lt/maistas/receptas/nekeptas-karamelinis-tortas-su-karamelizuotais-riesutais-8018,https://s1.15min.lt/static/cache/MjIweDIwMCw0Njl4MjU5LDYxNjE2MyxvcmlnaW5hbCwsaWQ9NDYyMjQyOCZkYXRlPTIwMTklMkYwNCUyRjE2LDE0NTIxOTY5MzY=/nekeptas-karamelinis-tortas-su-karamelizuotais-riesutais-5cb580240c02e.jpg
10,Veganiškas nekeptas riešutinis-bananinis tortas,8 asm.,https://www.15min.lt/maistas/receptas/veganiskas-nekeptas-riesutinis-bananinis-tortas-8016,https://s1.15min.lt/static/cache/MjIweDIwMCwsNjE2MTYzLG9yaWdpbmFsLCxpZD00NjQ4MzA2JmRhdGU9MjAxOSUyRjA0JTJGMjksNjI2NTUyNjc2/veganiskas-nekeptas-bananinis-riesutinis-tortas-5cc7438723ea1.jpg
11,Bananų duona be pridėtinio cukraus,6 asm.,https://www.15min.lt/maistas/receptas/bananu-duona-be-pridetinio-cukraus-8014,https://s1.15min.lt/static/cache/MjIweDIwMCwzNDR4MjI5LDYxNjE2MyxvcmlnaW5hbCwsaWQ9NDY0OTI3OCZkYXRlPTIwMTklMkYwNCUyRjMwLDMyNzcxNjI3NA==/bananu-duona-be-pridetinio-cukraus-5cc7f6bdb6190.jpg
12,Labai paprastas nekeptas bananų-meduolių desertas,4 asm.,https://www.15min.lt/maistas/receptas/labai-paprastas-nekeptas-bananu-meduoliu-desertas-8012,https://s1.15min.lt/static/cache/MjIweDIwMCw1Nzl4NTg4LDYxNjE2MyxvcmlnaW5hbCwsaWQ9NDY1MjM3NiZkYXRlPTIwMTklMkYwNSUyRjAyLDM4NzMzMTc2NA==/bananinis-desertas-5cca8edd23fdd.jpg
13,Kepta lašiša su žolelių ir citrinos padažu,4 asm.,https://www.15min.lt/maistas/receptas/kepta-lasisa-su-zoleliu-ir-citrinos-padazu-8010,https://s1.15min.lt/static/cache/MjIweDIwMCw4NTR4NTgyLDYxNjE2MyxvcmlnaW5hbCwsaWQ9NDY1NTg3NCZkYXRlPTIwMTklMkYwNSUyRjAzLDM2ODE2MjkyNDE=/lasisos-kepsnys-su-padazu-5ccc2e97218bb.jpg
14,Minkštas rabarbarų pyragas su trupinių kepure,6 asm.,https://www.15min.lt/maistas/receptas/minkstas-rabarbaru-pyragas-su-trupiniu-kepure-8008,https://s1.15min.lt/static/cache/MjIweDIwMCwsNjE2MTYzLG9yaWdpbmFsLCxpZD00NjU2NDMwJmRhdGU9MjAxOSUyRjA1JTJGMDMsMTExNzg0NTkwOQ==/rabarbaru-pyragas-su-trupiniu-kepure-5ccc4728d7f1d.jpg
15,Airiška bulvių ir kopūstų košė „colcannon“,4 asm.,https://www.15min.lt/maistas/receptas/airiska-bulviu-ir-kopustu-kose-colcannon-8006,https://s1.15min.lt/static/cache/MjIweDIwMCwsNjE2MTYzLG9yaWdpbmFsLCxpZD00NjU3MTc2JmRhdGU9MjAxOSUyRjA1JTJGMDQsMTgxNzM2NzY5Ng==/airiska-bulviu-ir-kopustu-kose-colcannon-5ccd44d67ea91.jpg
16,"Greiti špinatų, bulvių ir varškės kotletukai",4 asm.,https://www.15min.lt/maistas/receptas/greiti-spinatu-bulviu-ir-varskes-kotletukai-8004,https://s1.15min.lt/static/cache/MjIweDIwMCw3ODJ4NDk2LDYxNjE2MyxvcmlnaW5hbCwsaWQ9NDY0NjcwNiZkYXRlPTIwMTklMkYwNCUyRjI5LDYxMDMwODA1NA==/kotletukai-su-spinatais-5cc6bd5122e1a.jpg
17,Įspūdingi žalieji keksiukai „Samanotas miškas“,6 asm.,https://www.15min.lt/maistas/receptas/ispudingi-zalieji-keksiukai-samanotas-miskas-8002,https://s1.15min.lt/static/cache/MjIweDIwMCwsNjE2MTYzLG9yaWdpbmFsLCxpZD00NjI0NDU4JmRhdGU9MjAxOSUyRjA0JTJGMTcsMzYyMTk2MDc2MQ==/keksiukai-samanotas-miskas-5cb6ca4ec24e3.jpg
18,Pikantiškos morkų salotos su feta ir mėtomis,4 asm.,https://www.15min.lt/maistas/receptas/pikantiskos-morku-salotos-su-feta-ir-metomis-8000,https://s1.15min.lt/static/cache/MjIweDIwMCw2NDB4NDgxLDYxNjE2MyxvcmlnaW5hbCwsaWQ9NDY1OTQ5MCZkYXRlPTIwMTklMkYwNSUyRjA2LDE4NzU1MTkwODQ=/morku-salotos-5ccfd83693673.jpg
19,"Gruziniški chačiapuriai, kuriems neįmanoma atsispirti",4 asm.,https://www.15min.lt/maistas/receptas/gruziniski-chaciapuriai-kuriems-neimanoma-atsispirti-7998,https://s1.15min.lt/static/cache/MjIweDIwMCwsNjE2MTYzLG9yaWdpbmFsLCxpZD00NjU5MzUwJmRhdGU9MjAxOSUyRjA1JTJGMDUsMTI4NTQ2MTMxOQ==/gruziniskas-skanestas-chaciapuri-5ccf3a8e789a2.jpg
20,"Dilgėlių, garšvų ir kiaulpienių pyragas",4 asm.,https://www.15min.lt/maistas/receptas/dilgeliu-garsvu-ir-kiaulpieniu-pyragas-7996,https://s1.15min.lt/static/cache/MjIweDIwMCwsNjE2MTYzLG9yaWdpbmFsLCxpZD00NjIxMDAwJmRhdGU9MjAxOSUyRjA0JTJGMTUsMzIxOTY4MzY1Ng==/dilgeliu-garsvu-ir-kiaulpieniu-pyragas-5cb4624feb0ca.jpg
21,Vafliai su špinatais ir pomidorais,2 asm.,https://www.15min.lt/maistas/receptas/vafliai-su-spinatais-ir-pomidorais-7994,https://s1.15min.lt/static/cache/MjIweDIwMCwsNjE2MTYzLG9yaWdpbmFsLCxpZD00NTc4NzM4JmRhdGU9MjAxOSUyRjAzJTJGMjcsNDA3MTg5MzI2Nw==/naminiai-vafliai-5c9b4aaaa6af5.jpg
22,Sveikuoliški avižų vafliai be glitimo,2 asm.,https://www.15min.lt/maistas/receptas/sveikuoliski-avizu-vafliai-be-glitimo-7992,https://s1.15min.lt/static/cache/MjIweDIwMCwsNjE2MTYzLG9yaWdpbmFsLCxpZD00NTc4NzM2JmRhdGU9MjAxOSUyRjAzJTJGMjcsNTYxNzE4Njkx/naminiai-vafliai-5c9b4aaa039cd.jpg
23,Kavos kremas su plakta grietinėle,6 asm.,https://www.15min.lt/maistas/receptas/kavos-kremas-su-plakta-grietinele-7990,https://s1.15min.lt/static/cache/MjIweDIwMCw2NzN4MzY1LDYxNjE2MyxvcmlnaW5hbCwsaWQ9NDU4NDExOCZkYXRlPTIwMTklMkYwMyUyRjI5LDk0NzIyMTI4OQ==/kavos-kremas-su-plakta-grietinele-5c9e0befbaa08.jpg
24,Kavos ir graikinių riešutų pyragas,6 asm.,https://www.15min.lt/maistas/receptas/kavos-ir-graikiniu-riesutu-pyragas-7988,https://s1.15min.lt/static/cache/MjIweDIwMCwsNjE2MTYzLG9yaWdpbmFsLCxpZD00NTg0MTE2JmRhdGU9MjAxOSUyRjAzJTJGMjksMTU0NDEyNjExMg==/kavos-ir-graikiniu-riesutu-pyragas-5c9e0bef6e624.jpg
25,„Panna Cotta“ su kava,4 asm.,https://www.15min.lt/maistas/receptas/panna-cotta-su-kava-7986,https://s1.15min.lt/static/cache/MjIweDIwMCwsNjE2MTYzLG9yaWdpbmFsLCxpZD00NTg0MTIwJmRhdGU9MjAxOSUyRjAzJTJGMjksMjQ3MTI4NjMxMA==/panna-cotta-su-kava-5c9e0bf002aa1.jpg
26,Puri žydiška pynutė „Challah“,4 asm.,https://www.15min.lt/maistas/receptas/puri-zydiska-pynute-challah-7984,https://s1.15min.lt/static/cache/MjIweDIwMCwsNjE2MTYzLG9yaWdpbmFsLCxpZD00NTc5MDI2JmRhdGU9MjAxOSUyRjAzJTJGMjcsMzI1MTYxNzAwMg==/zydiska-pynute-chala-5c9b6b09154a5.jpg
27,Gaivusis žaliųjų citrinų pyragas,8 asm.,https://www.15min.lt/maistas/receptas/gaivusis-zaliuju-citrinu-pyragas-7982,https://s1.15min.lt/static/cache/MjIweDIwMCwsNjE2MTYzLG9yaWdpbmFsLCxpZD00NTc3NTg4JmRhdGU9MjAxOSUyRjAzJTJGMjYsMTg1Mjg5NDQ1/zaliuju-citrinu-pyragas-5c9a36333f7c7.jpg
28,Tortilijos suktinukai su vištiena ir šviežiomis daržovėmis,2 asm.,https://www.15min.lt/maistas/receptas/tortilijos-suktinukai-su-vistiena-ir-svieziomis-darzovemis-7980,https://s1.15min.lt/static/cache/MjIweDIwMCwzMzF4Mzk3LDYxNjE2MyxvcmlnaW5hbCwsaWQ9NDU3Mzc3NiZkYXRlPTIwMTklMkYwMyUyRjI1LDM5MzAzMzk2MDY=/tortilijos-suktinukai-su-vistiena-ir-svieziomis-darzovemis-5c987d6056d0b.jpg
29,"Veganiška duonos, pupelių ir obuolių mišrainė",4 asm.,https://www.15min.lt/maistas/receptas/veganiska-duonos-pupeliu-ir-obuoliu-misraine-7978,https://s1.15min.lt/static/cache/MjIweDIwMCwsNjE2MTYzLG9yaWdpbmFsLCxpZD00NTc4NDA0JmRhdGU9MjAxOSUyRjAzJTJGMjcsMjMxNzUyOTI1MQ==/duonos-pupeliu-ir-obuoliu-misraine-5c9b38727f28b.jpg
30,Vytinta kiaulienos išpjova su žaliąja citrina ir džinu,4 asm.,https://www.15min.lt/maistas/receptas/vytinta-kiaulienos-ispjova-su-zaliaja-citrina-ir-dzinu-7976,https://s1.15min.lt/static/cache/MjIweDIwMCwsNjE2MTYzLG9yaWdpbmFsLCxpZD00NTczNTE2JmRhdGU9MjAxOSUyRjAzJTJGMjQsNDA1NDMxODA1NA==/vytinta-kiaulienos-ispjova-5c97b47cbb28c.jpg
31,Japoniškas grilio viščiukas „jakitori“,4 asm.,https://www.15min.lt/maistas/receptas/japoniskas-grilio-visciukas-jakitori-7974,https://s1.15min.lt/static/cache/MjIweDIwMCwsNjE2MTYzLG9yaWdpbmFsLCxpZD00NTgyODc2JmRhdGU9MjAxOSUyRjAzJTJGMjksODQ5MjYzMzg=/japoniskas-vistienos-patiekalas-jakitori-5c9dc706277e2.jpg
32,Šokoladinis burokėlių pyragas su grikiais,8 asm.,https://www.15min.lt/maistas/receptas/sokoladinis-burokeliu-pyragas-su-grikiais-7972,https://s1.15min.lt/static/cache/MjIweDIwMCwsNzQyMzQwLG9yaWdpbmFsLCxpZD0zMzU0MDc2JmRhdGU9MjAxNyUyRjA5JTJGMTgsMzA1NTE3MDMwMQ==/40008946_l-59bf7224e7e29.jpg
33,"Varškės pyragas, idealiai tinkantis Velykoms",8 asm.,https://www.15min.lt/maistas/receptas/varskes-pyragas-idealiai-tinkantis-velykoms-7970,https://s1.15min.lt/static/cache/MjIweDIwMCwzNzN4NTcyLDYxNjE2MyxvcmlnaW5hbCwsaWQ9NDU4NzEyNiZkYXRlPTIwMTklMkYwMyUyRjMwLDI1NzQ1NTg0Nw==/sventinis-varskes-pyragas-5c9fbb13b4c32.jpg
34,Nuostabiai šokoladinis klasikinis braunis,6 asm.,https://www.15min.lt/maistas/receptas/nuostabiai-sokoladinis-klasikinis-braunis-7968,https://s1.15min.lt/static/cache/MjIweDIwMCwzOTV4MjAyLDYxNjE2MyxvcmlnaW5hbCwsaWQ9NDU5MDI3OCZkYXRlPTIwMTklMkYwNCUyRjAyLDEyMjkxMDI4ODg=/sokoladinis-skanestas-braunis-5ca2ff12acf21.jpg
35,Žemoje temperatūroje keptuvėje kepti burokėliai,2 asm.,https://www.15min.lt/maistas/receptas/zemoje-temperaturoje-keptuveje-kepti-burokeliai-7966,https://s1.15min.lt/static/cache/MjIweDIwMCwsNjE2MTYzLG9yaWdpbmFsLCxpZD00NTg5Nzc2JmRhdGU9MjAxOSUyRjA0JTJGMDEsMzYzOTg4ODc4OA==/keptuveje-kepti-burokeliai-5ca216b4d731a.jpg
36,Kiaulienos išpjova su česnakiniu medaus glajumi,4 asm.,https://www.15min.lt/maistas/receptas/kiaulienos-ispjova-su-cesnakiniu-medaus-glajumi-7964,https://s1.15min.lt/static/cache/MjIweDIwMCwsNjE2MTYzLG9yaWdpbmFsLCxpZD00NjAwNDk2JmRhdGU9MjAxOSUyRjA0JTJGMDUsNDAyMjAwNTIyMg==/kiaulienos-ispjova-su-cesnakiniu-medaus-glajumi-2-5ca78a3e2e6c2.jpg
37,"Kreminės žirnelių, šoninės ir čederio sūrio salotos",4 asm.,https://www.15min.lt/maistas/receptas/kremines-zirneliu-sonines-ir-cederio-surio-salotos-7962,https://s1.15min.lt/static/cache/MjIweDIwMCwsNjE2MTYzLG9yaWdpbmFsLCxpZD00NjAwNTAyJmRhdGU9MjAxOSUyRjA0JTJGMDUsMzM2MTQyMzY4OQ==/kremines-zirneliu-sonines-ir-cederio-surio-salotos-5ca78a3ef28cb.jpg
38,Įdarytos kiaušinių puselės su „prosciutto“ traškučiu,6 asm.,https://www.15min.lt/maistas/receptas/idarytos-kiausiniu-puseles-su-prosciutto-traskuciu-7960,https://s1.15min.lt/static/cache/MjIweDIwMCwsNjE2MTYzLG9yaWdpbmFsLCxpZD00NjAwNDkyJmRhdGU9MjAxOSUyRjA0JTJGMDUsNDI0OTA4NjMwMQ==/idarytos-kiausiniu-puseles-su-prosciutto-traskuciu-5ca78a3dafcb5.jpg
39,Lengvai paruošiamas kokosinis kremas,4 asm.,https://www.15min.lt/maistas/receptas/lengvai-paruosiamas-kokosinis-kremas-7958,https://s1.15min.lt/static/cache/MjIweDIwMCwsNjE2MTYzLG9yaWdpbmFsLCxpZD00NTk5ODI4JmRhdGU9MjAxOSUyRjA0JTJGMDUsMjQ4ODU0OTI0Mw==/kokosinis-kremas-5ca75a17d41ca.jpg
40,Neminkyta duona su ruginiais miltais,4 asm.,https://www.15min.lt/maistas/receptas/neminkyta-duona-su-ruginiais-miltais-7956,https://s1.15min.lt/static/cache/MjIweDIwMCwsNjE2MTYzLG9yaWdpbmFsLCxpZD00NTkxMTg2JmRhdGU9MjAxOSUyRjA0JTJGMDIsMTIwMzE1MDQ0/neminkyta-duona-5ca334633b987.jpg
41,Apverstas džiovintų abrikosų pyragas,6 asm.,https://www.15min.lt/maistas/receptas/apverstas-dziovintu-abrikosu-pyragas-7954,https://s1.15min.lt/static/cache/MjIweDIwMCwsNjE2MTYzLG9yaWdpbmFsLCxpZD00NTk5NzAyJmRhdGU9MjAxOSUyRjA0JTJGMDUsMjIxMzkwMjAw/apverstas-dziovintu-abrikosu-pyragas-5ca753b02ed2d.jpg
42,Naminis avokadų majonezas,4 asm.,https://www.15min.lt/maistas/receptas/naminis-avokadu-majonezas-7952,https://s1.15min.lt/static/cache/MjIweDIwMCw1NTV4NjA0LDYxNjE2MyxvcmlnaW5hbCwsaWQ9NDYwNDA0NiZkYXRlPTIwMTklMkYwNCUyRjA4LDE4OTU3MDA3Njc=/naminis-avokadu-majonezas-5caae9abb992a.jpg
43,Briuselio kopūstų traškučiai,4 asm.,https://www.15min.lt/maistas/receptas/briuselio-kopustu-traskuciai-7950,https://s1.15min.lt/static/cache/MjIweDIwMCw1MzV4NTk2LDYxNjE2MyxvcmlnaW5hbCwsaWQ9MzQ4MDk2MiZkYXRlPTIwMTclMkYxMSUyRjEzLDExNTMxMjg2NDc=/briuseliniai-kopustai-5a097024dbae6.jpg
44,Keptos starkio filė su smidrais ir žaliaisiais žirneliais,4 asm.,https://www.15min.lt/maistas/receptas/keptos-starkio-file-su-smidrais-ir-zaliaisiais-zirneliais-7948,https://s1.15min.lt/static/cache/MjIweDIwMCwsNjE2MTYzLG9yaWdpbmFsLCxpZD00NTg4NjE2JmRhdGU9MjAxOSUyRjA0JTJGMDEsMjk1ODI3MDE4Mw==/keptos-starkio-file-su-smidrais-ir-zaliaisiais-zirneliais-5ca1bfcf4db26.jpg
45,Itališkas velykinis desertas „mona de pasqua“,6 asm.,https://www.15min.lt/maistas/receptas/italiskas-velykinis-desertas-mona-de-pasqua-7946,https://s1.15min.lt/static/cache/MjIweDIwMCwsNjE2MTYzLG9yaWdpbmFsLCxpZD00NjI1MDY4JmRhdGU9MjAxOSUyRjA0JTJGMTcsMTg3NzIwMjM4MQ==/ispaniskas-pyragas-tarta-da-pascualina-5cb6e8855a1e9.jpg
46,Sūrūs įvairių sėklų krekeriai su morkomis be glitimo,6 asm.,https://www.15min.lt/maistas/receptas/surus-ivairiu-seklu-krekeriai-su-morkomis-be-glitimo-7944,https://s1.15min.lt/static/cache/MjIweDIwMCwsNjE2MTYzLG9yaWdpbmFsLCxpZD00NjA0MDQwJmRhdGU9MjAxOSUyRjA0JTJGMDgsNDIzODc2ODc4NQ==/darzoviu-tarta-su-kreminiu-idaru-5caae6a82752a.jpg
47,Žolelėmis ir česnakais pagardintas ėriukas prancūziškai,6 asm.,https://www.15min.lt/maistas/receptas/zolelemis-ir-cesnakais-pagardintas-eriukas-prancuziskai-7942,https://s1.15min.lt/static/cache/MjIweDIwMCwsNjE2MTYzLG9yaWdpbmFsLCxpZD00NjI1MDU0JmRhdGU9MjAxOSUyRjA0JTJGMTcsMTYzNjg1NzE1Mg==/ispaniskas-pyragas-tarta-da-pascualina-5cb6e882b806f.jpg
48,Veganiškas nesaldus pyragas su burokėliais ir avinžirniais,4 asm.,https://www.15min.lt/maistas/receptas/veganiskas-nesaldus-pyragas-su-burokeliais-ir-avinzirniais-7940,https://s1.15min.lt/static/cache/MjIweDIwMCwsNjE2MTYzLG9yaWdpbmFsLCxpZD00NjA4Mjk2JmRhdGU9MjAxOSUyRjA0JTJGMTAsMzEwNDU5Nzc0MA==/nesaldus-pyragas-su-burokeliais-ir-avinzirniais-5cad8c9ae8571.jpg
49,Pica traškiu sūrio kraštu,4 asm.,https://www.15min.lt/maistas/receptas/pica-traskiu-surio-krastu-7938,https://s1.15min.lt/static/cache/MjIweDIwMCwzNDl4MjY1LDYxNjE2MyxvcmlnaW5hbCwsaWQ9NDYwNDI4NiZkYXRlPTIwMTklMkYwNCUyRjA4LDE3Nzk5MjUxNDI=/pica-traskiu-surio-krastu-5cab06f254297.jpg
50,Vištienos petukai su imbieru,4 asm.,https://www.15min.lt/maistas/receptas/vistienos-petukai-su-imbieru-7936,https://s1.15min.lt/static/cache/MjIweDIwMCwsNjE2MTYzLG9yaWdpbmFsLCxpZD00NjE2NjA0JmRhdGU9MjAxOSUyRjA0JTJGMTMsMjkwNzUxNTgwMA==/vistienos-petukai-su-imbieru-5cb195d85f24b.jpg
51,Ypatingos grikių „tabbouleh“ salotos,2 asm.,https://www.15min.lt/maistas/receptas/ypatingos-grikiu-tabbouleh-salotos-7934,https://s1.15min.lt/static/cache/MjIweDIwMCw5MTF4NTc1LDYxNjE2MyxvcmlnaW5hbCwsaWQ9NDYwNTU3OCZkYXRlPTIwMTklMkYwNCUyRjA4LDMzMTc0MjIzNjk=/grikiu-tabbouleh-salotos-5cab53ea5a9af.jpg
52,Velykiniai sausainiai su klevų sirupu,6 asm.,https://www.15min.lt/maistas/receptas/velykiniai-sausainiai-su-klevu-sirupu-7932,https://s1.15min.lt/static/cache/MjIweDIwMCwsNjE2MTYzLG9yaWdpbmFsLCxpZD00NjE4NzEwJmRhdGU9MjAxOSUyRjA0JTJGMTQsMzQ4NTE2MjEwNg==/velykiniai-sausainiai-su-klevu-sirupu-5cb2dd6d8ac63.jpg
53,Linksmai atrodantis varškės pyragas „Kiaušinienė“ Velykoms,10 asm.,https://www.15min.lt/maistas/receptas/linksmai-atrodantis-varskes-pyragas-kiausiniene-velykoms-7930,https://s1.15min.lt/static/cache/MjIweDIwMCwzMzR4MzgwLDYxNjE2MyxvcmlnaW5hbCwsaWQ9NDYxMDYyNiZkYXRlPTIwMTklMkYwNCUyRjExLDE4NDA5MTY3Mg==/nekeptas-varskes-pyragas-kiausiniene-5caee8ccc4159.jpg
54,Paprikų ir pievagrybių užtepėlė,4 asm.,https://www.15min.lt/maistas/receptas/papriku-ir-pievagrybiu-uztepele-7928,https://s1.15min.lt/static/cache/MjIweDIwMCwsNjE2MzUwLG9yaWdpbmFsLCxpZD02NjIyOTQmZGF0ZT0yMDEyJTJGMTElMkYxNywyOTQ0ODY2Mzg0/keptu-papriku-uztepele-50a771b1386d9.jpg
55,Sūdytos lašišos užtepėlė,4 asm.,https://www.15min.lt/maistas/receptas/sudytos-lasisos-uztepele-7926,https://s1.15min.lt/static/cache/MjIweDIwMCw1MjJ4MzM4LDYyMTkxNyxvcmlnaW5hbCwsaWQ9MTI5MTQ1OCZkYXRlPTIwMTQlMkYxMiUyRjE4LDkwNzU4ODY4Mw==/rukytos-zuvies-uztepele-5492bedf5b833.jpg
56,Keksiukai su rikota ir bazilikų kremu,6 asm.,https://www.15min.lt/maistas/receptas/keksiukai-su-rikota-ir-baziliku-kremu-7924,https://s1.15min.lt/static/cache/MjIweDIwMCwsNjE2MTYzLG9yaWdpbmFsLCxpZD00NjI3MzM4JmRhdGU9MjAxOSUyRjA0JTJGMTgsNDUzNzU3NjE0/citrininis-keksas-be-pieno-produktu-5cb846e979efc.jpg
57,Varškės keksas su juodaisiais serbentais be pridėtinio cukraus,10 asm.,https://www.15min.lt/maistas/receptas/varskes-keksas-su-juodaisiais-serbentais-be-pridetinio-cukraus-7922,https://s1.15min.lt/static/cache/MjIweDIwMCwsNjE2MTYzLG9yaWdpbmFsLCxpZD00NjI3MzQyJmRhdGU9MjAxOSUyRjA0JTJGMTgsMzIxOTQ1NTIwNQ==/citrininis-keksas-be-pieno-produktu-5cb846ea40d4b.jpg
58,Citrininis keksas be pieno produktų,8 asm.,https://www.15min.lt/maistas/receptas/citrininis-keksas-be-pieno-produktu-7920,https://s1.15min.lt/static/cache/MjIweDIwMCwsNjE2MTYzLG9yaWdpbmFsLCxpZD00NjI3MzM2JmRhdGU9MjAxOSUyRjA0JTJGMTgsMzM2ODMzODk3NA==/citrininis-keksas-be-pieno-produktu-5cb846e92cc6c.jpg
59,Senovinė mielinė boba Velykom,8 asm.,https://www.15min.lt/maistas/receptas/senovine-mieline-boba-velykom-7918,https://s1.15min.lt/static/cache/MjIweDIwMCw1NjV4NTgzLDYxNjE2MyxvcmlnaW5hbCwsaWQ9NDYyNjcwNCZkYXRlPTIwMTklMkYwNCUyRjE4LDIzMDY2MjAxNjQ=/senovine-mieline-boba-5cb81ba5811bc.jpg
60,"Pavasariška galetė su sūriais, žaliomis daržovėmis ir putpelių kiaušiniais",4 asm.,https://www.15min.lt/maistas/receptas/pavasariska-galete-su-suriais-zaliomis-darzovemis-ir-putpeliu-kiausiniais-7916,https://s1.15min.lt/static/cache/MjIweDIwMCw0MDh4NjgzLDYxNjE2MyxvcmlnaW5hbCwsaWQ9NDYzMTM2NiZkYXRlPTIwMTklMkYwNCUyRjE5LDEwODIyNjAzMTU=/pavasariskas-nesaldus-pyragas-5cb9c73ea56ba.jpg
61,Vokiškas trijų rūšių mėsos troškinys „Pichelsteiner“,4 asm.,https://www.15min.lt/maistas/receptas/vokiskas-triju-rusiu-mesos-troskinys-pichelsteiner-7914,https://s1.15min.lt/static/cache/MjIweDIwMCw3NzR4NTExLDYxNjE2MyxvcmlnaW5hbCwsaWQ9NDYyOTMwMCZkYXRlPTIwMTklMkYwNCUyRjE5LDI0MTQ4MjE2OTI=/vokiskas-troskinys-pichelsteiner-5cb9688337809.jpg
62,Grikių „crème brûlée“,4 asm.,https://www.15min.lt/maistas/receptas/grikiu-creme-brulee-7912,https://s1.15min.lt/static/cache/MjIweDIwMCwsNjE2MTYzLG9yaWdpbmFsLCxpZD00NjIwMTY4JmRhdGU9MjAxOSUyRjA0JTJGMTUsNDA3MjUxNDg5Mw==/creme-brulee-5cb439609110e.jpg
63,Žaliosios arbatos mačios tiramisu,2 asm.,https://www.15min.lt/maistas/receptas/zaliosios-arbatos-macios-tiramisu-7910,https://s1.15min.lt/static/cache/MjIweDIwMCwsNjE2MTYzLG9yaWdpbmFsLCxpZD00NjI5MjMwJmRhdGU9MjAxOSUyRjA0JTJGMTksMjk2NTIwNjkwMA==/zaliosios-arbatos-matcha-tiramisu-5cb95f5818f85.jpg
64,Skanus ir lengvai pagaminamas varškės pyragas su aguonomis,6 asm.,https://www.15min.lt/maistas/receptas/skanus-ir-lengvai-pagaminamas-varskes-pyragas-su-aguonomis-7908,https://s1.15min.lt/static/cache/MjIweDIwMCwsNjE2MTYzLG9yaWdpbmFsLCxpZD00NTQ0ODg0JmRhdGU9MjAxOSUyRjAzJTJGMDksMTc2MDMwOTAyNQ==/varskes-pyragas-su-aguonomis-5c8418b805540.jpg
65,Purių mielinių rutuliukų duona,6 asm.,https://www.15min.lt/maistas/receptas/puriu-mieliniu-rutuliuku-duona-7906,https://s1.15min.lt/static/cache/MjIweDIwMCw4Nzh4MzI0LDYxNjE2MyxvcmlnaW5hbCwsaWQ9NDU0MDMyNiZkYXRlPTIwMTklMkYwMyUyRjA3LDE2NDkyODc1MTQ=/plesoma-rutuliuku-duona-5c812fdaf10ea.jpg
66,Vištienos sparneliai su citrina ir alaus skonio ryžiais,4 asm.,https://www.15min.lt/maistas/receptas/vistienos-sparneliai-su-citrina-ir-alaus-skonio-ryziais-7904,https://s1.15min.lt/static/cache/MjIweDIwMCwsNjE2MTYzLG9yaWdpbmFsLCxpZD00NTQxNjc4JmRhdGU9MjAxOSUyRjAzJTJGMDgsNDA0NjExMDc1MA==/vistienos-sparneliai-su-citrina-ir-alaus-skonio-ryziais-5c8233d250af7.jpg
67,"Makaronų salotos „Tutti frutti“ su alyvuogėmis, sūriu ir džiovintais pomidorais",5 asm.,https://www.15min.lt/maistas/receptas/makaronu-salotos-tutti-frutti-su-alyvuogemis-suriu-ir-dziovintais-pomidorais-7902,https://s1.15min.lt/static/cache/MjIweDIwMCwsNjE2MTYzLG9yaWdpbmFsLCxpZD00NTQzODEwJmRhdGU9MjAxOSUyRjAzJTJGMDgsMjQ1NTg1ODg3NQ==/makaronu-salotos-5c82c85603af1.jpg
68,Veganiški žemės riešutų plokštukai,6 asm.,https://www.15min.lt/maistas/receptas/veganiski-zemes-riesutu-plokstukai-7900,https://s1.15min.lt/static/cache/MjIweDIwMCwsNjE2MTYzLG9yaWdpbmFsLCxpZD00NTM3NjUwJmRhdGU9MjAxOSUyRjAzJTJGMDcsMzQxNDg4NTEz/zemes-riesutu-plokstukas-5c80c8e2325e5.jpg
69,Veganiška bananų duona,6 asm.,https://www.15min.lt/maistas/receptas/veganiska-bananu-duona-7898,https://s1.15min.lt/static/cache/MjIweDIwMCwsNjE2MTYzLG9yaWdpbmFsLCxpZD00NTQwOTQyJmRhdGU9MjAxOSUyRjAzJTJGMDcsMTg2MjE5MDY5OQ==/salotos-su-silauogemis-5c8183fa19571.jpeg
70,Sicilietiški vištienos maltinukai pomidorų padaže,4 asm.,https://www.15min.lt/maistas/receptas/sicilietiski-vistienos-maltinukai-pomidoru-padaze-7896,https://s1.15min.lt/static/cache/MjIweDIwMCwsNjE2MTYzLG9yaWdpbmFsLCxpZD00NTM2MDk0JmRhdGU9MjAxOSUyRjAzJTJGMDYsNDE3MTgzNDg2NQ==/sicilietiski-vistienos-maltinukai-pomidoru-padaze-5c7fb28f3fe5c.jpg
71,Naminė vytinta vištos krūtinėlė su apelsinais ir viskiu,2 asm.,https://www.15min.lt/maistas/receptas/namine-vytinta-vistos-krutinele-su-apelsinais-ir-viskiu-7894,https://s1.15min.lt/static/cache/MjIweDIwMCwsNjE2MTYzLG9yaWdpbmFsLCxpZD00NTQ3ODEwJmRhdGU9MjAxOSUyRjAzJTJGMTIsNDQ2NDA0NDM=/vytinta-vistos-krutinele-su-apelsinais-ir-viskiu-5c876f9d81629.jpg
72,Kepti ridikėliai garnyrui,4 asm.,https://www.15min.lt/maistas/receptas/kepti-ridikeliai-garnyrui-7892,https://s1.15min.lt/static/cache/MjIweDIwMCwsNjE2MTYzLG9yaWdpbmFsLCxpZD0zOTUyODkyJmRhdGU9MjAxOCUyRjA2JTJGMDYsODE5NjY3NTgz/ridikeliai-5b17d2ef962f5.jpg
73,Marinuoti ridikėliai,4 asm.,https://www.15min.lt/maistas/receptas/marinuoti-ridikeliai-7890,https://s1.15min.lt/static/cache/MjIweDIwMCw0MTN4MTQyLDYxODk3NixvcmlnaW5hbCwsaWQ9MTA5ODc5NSZkYXRlPTIwMTQlMkYwNSUyRjE0LDE4OTY0MDY3NTE=/ridikeliai-5372f5d0d2ec6.jpg
74,Keptas viščiukas su ryžiais ir saldžiosiomis bulvėmis,6 asm.,https://www.15min.lt/maistas/receptas/keptas-visciukas-su-ryziais-ir-saldziosiomis-bulvemis-7888,https://s1.15min.lt/static/cache/MjIweDIwMCw1NDB4NTI5LDYxNjE2MyxvcmlnaW5hbCwsaWQ9NDU1MDM5OCZkYXRlPTIwMTklMkYwMyUyRjEzLDExMjYyMzg5NA==/kepta-vistiena-su-ryziais-5c88cb565b3d8.jpg
75,Kibinai su varške ir saulėje džiovintais pomidorais,4 asm.,https://www.15min.lt/maistas/receptas/kibinai-su-varske-ir-sauleje-dziovintais-pomidorais-7886,https://s1.15min.lt/static/cache/MjIweDIwMCw0Nzd4MzAxLDYxNjE2MyxvcmlnaW5hbCwsaWQ9NDU2NDA1MCZkYXRlPTIwMTklMkYwMyUyRjIwLDIxMzAzMTYxNDQ=/kibinai-su-varske-ir-sauleje-dziovintais-pomidorais-5c91e87895b36.jpg
76,"Gardus, purus ir drėgnas pyragas su aguonomis, aplietas citrininiu glajumi",6 asm.,https://www.15min.lt/maistas/receptas/gardus-purus-ir-dregnas-pyragas-su-aguonomis-aplietas-citrininiu-glajumi-7884,https://s1.15min.lt/static/cache/MjIweDIwMCw0NDB4NDY3LDYxNjE2MyxvcmlnaW5hbCwsaWQ9MzEyNjIzNCZkYXRlPTIwMTclMkYwNiUyRjEyLDE4NzgxODQ4MzA=/lietiniai-su-varske-ir-uogomis-593e947ee7cf8.jpg
77,Spragintų grikių granola,4 asm.,https://www.15min.lt/maistas/receptas/spragintu-grikiu-granola-7882,https://s1.15min.lt/static/cache/MjIweDIwMCwsNjE2MTYzLG9yaWdpbmFsLCxpZD0yODkwNjk4JmRhdGU9MjAxNyUyRjAzJTJGMjAsMjIxMjYzMDkxMQ==/granola-58cfb6b0ba6e7.jpg
78,Citrininis kremas su putpelių kiaušiniais ir medumi,4 asm.,https://www.15min.lt/maistas/receptas/citrininis-kremas-su-putpeliu-kiausiniais-ir-medumi-7880,https://s1.15min.lt/static/cache/MjIweDIwMCwsNjE2MTYzLG9yaWdpbmFsLCxpZD00NTcxMTE4JmRhdGU9MjAxOSUyRjAzJTJGMjIsMzA5MDg0MTU5/citrininis-kremas-su-putpeliu-kiausiniais-ir-medumi-5c950206b4334.jpg
79,Lašiša baltame padaže,4 asm.,https://www.15min.lt/maistas/receptas/lasisa-baltame-padaze-7878,https://s1.15min.lt/static/cache/MjIweDIwMCwsNjE2MTYzLG9yaWdpbmFsLCxpZD00NTczODc0JmRhdGU9MjAxOSUyRjAzJTJGMjUsMjMzMjI2ODc4MA==/lasisa-baltajame-padaze-5c9880ee2c484.jpg
80,„Croque Madame“ – karštas sumuštinis su gaudos sūriu ir kumpiu,2 asm.,https://www.15min.lt/maistas/receptas/croque-madame-karstas-sumustinis-su-gaudos-suriu-ir-kumpiu-7876,https://s1.15min.lt/static/cache/MjIweDIwMCwsNjE2MTYzLG9yaWdpbmFsLCxpZD00NTY5MjA4JmRhdGU9MjAxOSUyRjAzJTJGMjIsNjk3MTc2ODI=/karstas-sumustinis-su-gouda-suriu-ir-kumpiu-5c948fe15ea35.jpg
81,Įdarytos paprikos su daug žolelių ir prieskonių,6 asm.,https://www.15min.lt/maistas/receptas/idarytos-paprikos-su-daug-zoleliu-ir-prieskoniu-7874,https://s1.15min.lt/static/cache/MjIweDIwMCw5MjR4NTY3LDYxNjE2MyxvcmlnaW5hbCwsaWQ9NDU1NDYzMCZkYXRlPTIwMTklMkYwMyUyRjE1LDIxNTA4NjUyMjg=/idarytos-paprikos-5c8b4eee8c1e5.jpg
82,Indiškas lęšių troškinys „Dal“,4 asm.,https://www.15min.lt/maistas/receptas/indiskas-lesiu-troskinys-dal-7872,https://s1.15min.lt/static/cache/MjIweDIwMCwsNjE2MTYzLG9yaWdpbmFsLCxpZD00NTU2ODY4JmRhdGU9MjAxOSUyRjAzJTJGMTYsMTYzMTY2MTc1Nw==/indiskas-lesiu-troskinys-5c8cb0fe447b5.jpg
83,Veganiška granola su datulių ir migdolų riešutų sviesto kremu,4 asm.,https://www.15min.lt/maistas/receptas/veganiska-granola-su-datuliu-ir-migdolu-riesutu-sviesto-kremu-7870,https://s1.15min.lt/static/cache/MjIweDIwMCwsNjE2MTYzLG9yaWdpbmFsLCxpZD00NTUzNDU4JmRhdGU9MjAxOSUyRjAzJTJGMTQsMTU5MjkxNjc2NA==/granola-su-datuliu-ir-migdolu-riesutu-sviesto-kremu-5c8a648437ab1.jpg
84,Lengvas šokoladinis kremas su avokadais,4 asm.,https://www.15min.lt/maistas/receptas/lengvas-sokoladinis-kremas-su-avokadais-7868,https://s1.15min.lt/static/cache/MjIweDIwMCwsNjE2MTYzLG9yaWdpbmFsLCxpZD00NTU4NzYyJmRhdGU9MjAxOSUyRjAzJTJGMTcsMzI3NTc5MzIyMg==/sokoladinis-kremas-su-avokadais-5c8e1d35d11c0.jpg
85,"Sviestiniai močiutės sausainiai, kuriems reikia mėsmalės",4 asm.,https://www.15min.lt/maistas/receptas/sviestiniai-mociutes-sausainiai-kuriems-reikia-mesmales-7866,https://s1.15min.lt/static/cache/MjIweDIwMCwsNjE2MTYzLG9yaWdpbmFsLCxpZD00NTU1MzE4JmRhdGU9MjAxOSUyRjAzJTJGMTUsMzAxNjk4NzI1Mg==/mociutes-sausainiai-5c8b7efdd3dba.jpg
86,Greiti riešutų sviesto saldainiai,3 asm.,https://www.15min.lt/maistas/receptas/greiti-riesutu-sviesto-saldainiai-7864,https://s1.15min.lt/static/cache/MjIweDIwMCwsNjE2MTYzLG9yaWdpbmFsLCxpZD00NTE0MzI4JmRhdGU9MjAxOSUyRjAyJTJGMjUsMjcyNzk3ODM4/su-tahini-marinuoti-kepti-kalafiorai-5c73934d211b8.jpg
87,Veganiški su tahiniu marinuoti orkaitėje kepti kalafiorai,2 asm.,https://www.15min.lt/maistas/receptas/veganiski-su-tahiniu-marinuoti-orkaiteje-kepti-kalafiorai-7862,https://s1.15min.lt/static/cache/MjIweDIwMCwsNjE2MTYzLG9yaWdpbmFsLCxpZD00NTE0MzMwJmRhdGU9MjAxOSUyRjAyJTJGMjUsNTgwNDUxNjQw/su-tahini-marinuoti-kepti-kalafiorai-5c73934d970c0.jpg
88,Jautienos troškinys su meksikietiškais akcentais,1 asm.,https://www.15min.lt/maistas/receptas/jautienos-troskinys-su-meksikietiskais-akcentais-7860,https://s1.15min.lt/static/cache/MjIweDIwMCwsNjE2MzM3LG9yaWdpbmFsLCxpZD00Njg5NzAmZGF0ZT0yMDEyJTJGMDUlMkYwOCw3OTE0MjM5MDI=/sotus-troskinys-4fa8f6d37f614.jpg
89,Veganiški kakaviniai speltų miltų sausainiai,4 asm.,https://www.15min.lt/maistas/receptas/veganiski-kakaviniai-speltu-miltu-sausainiai-7858,https://s1.15min.lt/static/cache/MjIweDIwMCwsNjE2MTYzLG9yaWdpbmFsLCxpZD00NTAzODc2JmRhdGU9MjAxOSUyRjAyJTJGMjAsNDQ2Nzc1ODI3/kakaviniai-speltu-miltu-sausainiai-5c6d2564105ba.jpg
90,Kiniški virtiniai su vištienos ir krevečių įdaru,4 asm.,https://www.15min.lt/maistas/receptas/kiniski-virtiniai-su-vistienos-ir-kreveciu-idaru-7856,https://s1.15min.lt/static/cache/MjIweDIwMCw3Mjl4NTU1LDYxNjE2MyxvcmlnaW5hbCwsaWQ9NDUwNjc4MCZkYXRlPTIwMTklMkYwMiUyRjIxLDE4NzkwNTMxMjc=/kiniski-virtiniai-jiaozi-5c6e907696802.jpg
91,Grikių ir pūstų ryžių granola,4 asm.,https://www.15min.lt/maistas/receptas/grikiu-ir-pustu-ryziu-granola-7854,https://s1.15min.lt/static/cache/MjIweDIwMCwxMTYzeDUyMSw2MTYxNjMsb3JpZ2luYWwsLGlkPTQ1MTA3NjgmZGF0ZT0yMDE5JTJGMDIlMkYyMiw0MTA3Mzg1NjU1/grikiu-ir-pustu-ryziugranola-5c701a3ca1c32.jpeg
92,Orkaitėje kepti topinambai su čiobreliais,2 asm.,https://www.15min.lt/maistas/receptas/orkaiteje-kepti-topinambai-su-ciobreliais-7852,https://s1.15min.lt/static/cache/MjIweDIwMCwsNjE2MTYzLG9yaWdpbmFsLCxpZD00NTExNDIwJmRhdGU9MjAxOSUyRjAyJTJGMjMsMTExMjEwNDczMQ==/orkaiteje-kepti-topinambai-5c71126200af0.jpg
93,Veganiškas sotus daržovių troškinys,1 asm.,https://www.15min.lt/maistas/receptas/veganiskas-sotus-darzoviu-troskinys-7850,https://s1.15min.lt/static/cache/MjIweDIwMCwsNjE2MzUwLG9yaWdpbmFsLCxpZD01NzE0MzYmZGF0ZT0yMDEyJTJGMDklMkYyMCwzMjQxNDg0MjA4/troskinys-505ac3f08cf51.jpg
94,Lazdyno ir migdolų riešutų pyragas su kreminio sūrio įdaru ir šviežiomis uogomis,8 asm.,https://www.15min.lt/maistas/receptas/lazdyno-ir-migdolu-riesutu-pyragas-su-kreminio-surio-idaru-ir-svieziomis-uogomis-7848,https://s1.15min.lt/static/cache/MjIweDIwMCwsNjE2MTYzLG9yaWdpbmFsLCxpZD00NTA5MDI4JmRhdGU9MjAxOSUyRjAyJTJGMjIsMTczNDc2NTUyOA==/jautienos-antrekotas-su-ant-grilio-keptomis-darzovemis-5c6fc5fe03e47.jpg
95,Prabangus šokoladinis tortas su granatais,10 asm.,https://www.15min.lt/maistas/receptas/prabangus-sokoladinis-tortas-su-granatais-7846,https://s1.15min.lt/static/cache/MjIweDIwMCwsNjE2MTYzLG9yaWdpbmFsLCxpZD00NTAzMDY4JmRhdGU9MjAxOSUyRjAyJTJGMTksMjM0OTc2MTA1OA==/sokoladinis-tortas-su-granatais-5c6c1c793d765.jpg
96,Itališkas lengvai pagaminamas vyšnių pyragas,6 asm.,https://www.15min.lt/maistas/receptas/italiskas-lengvai-pagaminamas-vysniu-pyragas-7844,https://s1.15min.lt/static/cache/MjIweDIwMCw3NjR4NTU1LDYxNjE2MyxvcmlnaW5hbCwsaWQ9NDUwNjY0NiZkYXRlPTIwMTklMkYwMiUyRjIxLDM3NzIxMjY3MjM=/vysniu-pyragas-5c6e857db1e86.jpg
97,Itališkas blynelių ir sūrio apkepas „manicotti“,4 asm.,https://www.15min.lt/maistas/receptas/italiskas-blyneliu-ir-surio-apkepas-manicotti-7842,https://s1.15min.lt/static/cache/MjIweDIwMCw4NDZ4Njg3LDYxNjE2MyxvcmlnaW5hbCwsaWQ9NDUwMzYxNiZkYXRlPTIwMTklMkYwMiUyRjIwLDI5MDAxMzAzMjk=/apkepas-manicotti-su-suriu-5c6d11450d531.jpg
98,Puode keptas sultingas viščiukas su indiškais prieskoniais,6 asm.,https://www.15min.lt/maistas/receptas/puode-keptas-sultingas-visciukas-su-indiskais-prieskoniais-7840,https://s1.15min.lt/static/cache/MjIweDIwMCwzMzN4NDI2LDYxNjE2MyxvcmlnaW5hbCwsaWQ9NDUwMTUzNCZkYXRlPTIwMTklMkYwMiUyRjE4LDQwNjU1MTY4MDk=/puode-keptas-visciukas-su-prieskoniais-5c6ad626adbce.jpg
99,Čederio sūrio ir alaus sriuba,6 asm.,https://www.15min.lt/maistas/receptas/cederio-surio-ir-alaus-sriuba-7838,https://s1.15min.lt/static/cache/MjIweDIwMCwsNjE2MTYzLG9yaWdpbmFsLCxpZD00NTAwMzcwJmRhdGU9MjAxOSUyRjAyJTJGMTgsMzg3ODE3ODU4Mw==/cederio-surio-ir-alaus-sriuba-5c6a84cecbdf7.jpg
100,Įdaryta veršio širdis,2 asm.,https://www.15min.lt/maistas/receptas/idaryta-versio-sirdis-7836,https://s1.15min.lt/static/cache/MjIweDIwMCwsNjE2MTYzLG9yaWdpbmFsLCxpZD00NTAwNTUyJmRhdGU9MjAxOSUyRjAyJTJGMTgsMzIyOTAyMTU4NA==/idaryta-versio-sirdis-5c6a96709cfb6.jpg
101,"MInkšti, burnoje tirpstantys imbieriniai keksiukai",6 asm.,https://www.15min.lt/maistas/receptas/minksti-burnoje-tirpstantys-imbieriniai-keksiukai-7834,https://s1.15min.lt/static/cache/MjIweDIwMCw3ODN4NTEwLDYxNjE2MyxvcmlnaW5hbCwsaWQ9NDQ3NzQwOCZkYXRlPTIwMTklMkYwMiUyRjA1LDM3NjE1MDIwOA==/imbieriniai-keksiukai-5c59f35295c35.jpg
102,Šokoladinis pyragas su alyvuogių aliejumi,8 asm.,https://www.15min.lt/maistas/receptas/sokoladinis-pyragas-su-alyvuogiu-aliejumi-7832,https://s1.15min.lt/static/cache/MjIweDIwMCwsNjE2MTYzLG9yaWdpbmFsLCxpZD00NDk3NTY0JmRhdGU9MjAxOSUyRjAyJTJGMTYsMzA3MTIwNTk2MA==/sokoladinis-pyragas-su-alyvuogiu-aliejumi-5c683e3adfe5a.jpeg
103,Sausainiai „Kačių liežuvėliai“ iš 4 ingredientų,4 asm.,https://www.15min.lt/maistas/receptas/sausainiai-kaciu-liezuveliai-is-4-ingredientu-7830,https://s1.15min.lt/static/cache/MjIweDIwMCwsNjE2MTYzLG9yaWdpbmFsLCxpZD00NTEwNzc4JmRhdGU9MjAxOSUyRjAyJTJGMjIsMjkwMTc4OTk4NQ==/sausainiai-kaciu-liezuveliai-5c701b97139fe.jpg
104,Avižinių dribsnių kvadratėliai su datulėmis,4 asm.,https://www.15min.lt/maistas/receptas/aviziniu-dribsniu-kvadrateliai-su-datulemis-7828,https://s1.15min.lt/static/cache/MjIweDIwMCw2MzB4NTI1LDYxNjE2MyxvcmlnaW5hbCwsaWQ9NDUxNDc2MCZkYXRlPTIwMTklMkYwMiUyRjI1LDQxNDg0MDA4NzE=/aviziniu-dribsniu-kvadrateliai-5c73b78789527.jpg
105,Zrazai su raugintų agurkų ir svogūnų įdaru,4 asm.,https://www.15min.lt/maistas/receptas/zrazai-su-raugintu-agurku-ir-svogunu-idaru-7826,https://s1.15min.lt/static/cache/MjIweDIwMCw3MjV4NjIwLDYxNjE2MyxvcmlnaW5hbCwsaWQ9NDUyMDgwOCZkYXRlPTIwMTklMkYwMiUyRjI4LDM1NTU2MzMzNzg=/zrazai-5c779a799ec5f.jpg
106,Lengvutis šokoladinis vyniotinis su grietinėlės įdaru,6 asm.,https://www.15min.lt/maistas/receptas/lengvutis-sokoladinis-vyniotinis-su-grietineles-idaru-7822,https://s1.15min.lt/static/cache/MjIweDIwMCw2NzB4NTk3LDYxNjE2MyxvcmlnaW5hbCwsaWQ9NDUxODk1OCZkYXRlPTIwMTklMkYwMiUyRjI3LDEwMzAwMTYxNjM=/sokoladinis-vyniotinis-5c765bfd6515f.jpg
107,Menkė su aštriu grybų padažu indiškai,4 asm.,https://www.15min.lt/maistas/receptas/menke-su-astriu-grybu-padazu-indiskai-7820,https://s1.15min.lt/static/cache/MjIweDIwMCwsNjE2MTYzLG9yaWdpbmFsLCxpZD00NTI1MjI2JmRhdGU9MjAxOSUyRjAzJTJGMDEsMzA1MjU0NTYw/menke-su-astriu-grybu-padazu-indiskai-5c797ed51d330.jpg
108,Pasakiškas raudonųjų apelsinų keksas,10 asm.,https://www.15min.lt/maistas/receptas/pasakiskas-raudonuju-apelsinu-keksas-7818,https://s1.15min.lt/static/cache/MjIweDIwMCwsNjE2MTYzLG9yaWdpbmFsLCxpZD00NTE2Mzc2JmRhdGU9MjAxOSUyRjAyJTJGMjUsMTM2MzEyNjI1Nw==/raudonuju-apelsinu-keksas-5c744350d01d8.jpg
109,Naminiai beigeliai,5 asm.,https://www.15min.lt/maistas/receptas/naminiai-beigeliai-7816,https://s1.15min.lt/static/cache/MjIweDIwMCwsNjE2MTYzLG9yaWdpbmFsLCxpZD00NTI0ODQwJmRhdGU9MjAxOSUyRjAzJTJGMDEsNDIxMDUyMjYzOA==/beigeliai-5c79576363aa1.jpg
110,Veganiška „lašiša“ iš morkų,4 asm.,https://www.15min.lt/maistas/receptas/veganiska-lasisa-is-morku-7814,https://s1.15min.lt/static/cache/MjIweDIwMCwsNjE2MTYzLG9yaWdpbmFsLCxpZD00NTIxNjc0JmRhdGU9MjAxOSUyRjAyJTJGMjgsMTQxODcyNzUwNg==/veganiskos-lasisos-sumustiniai-5c77cf7abe4ba.jpg
111,Bulvių ir cukinijų blynai,2 asm.,https://www.15min.lt/maistas/receptas/bulviu-ir-cukiniju-blynai-7812,https://s1.15min.lt/static/cache/MjIweDIwMCwzNTR4NjA3LDYxNjE2MyxvcmlnaW5hbCwsaWQ9NDUyNjY1OCZkYXRlPTIwMTklMkYwMyUyRjAzLDI0MjA1Mzk2MTA=/bulviu-ir-cukiniju-blynai-5c7b9456a4197.jpg
112,Bretoniškos tešlos pyragas su kreminiu šaldytų uogų įdaru,8 asm.,https://www.15min.lt/maistas/receptas/bretoniskos-teslos-pyragas-su-kreminiu-saldytu-uogu-idaru-7810,https://s1.15min.lt/static/cache/MjIweDIwMCwsNjE2MTYzLG9yaWdpbmFsLCxpZD00NDkzNzA0JmRhdGU9MjAxOSUyRjAyJTJGMTUsMzYzMDYwNTUwOA==/antienos-krutinele-su-balzaminiame-acte-karamelizuotais-vysniniais-pomidoriukais-5c667a4af0354.jpg
113,Pagreitintas čili troškinys,2 asm.,https://www.15min.lt/maistas/receptas/pagreitintas-cili-troskinys-7808,https://s1.15min.lt/static/cache/MjIweDIwMCwsNjE2MTYzLG9yaWdpbmFsLCxpZD00NDk2MTU4JmRhdGU9MjAxOSUyRjAyJTJGMTYsOTM5ODIwNjU3/pagreitintas-cili-troskinys-5c67d245b9351.jpg
114,Antienos krūtinėlė su balzaminiame acte karamelizuotais vyšniniais pomidoriukais,2 asm.,https://www.15min.lt/maistas/receptas/antienos-krutinele-su-balzaminiame-acte-karamelizuotais-vysniniais-pomidoriukais-7806,https://s1.15min.lt/static/cache/MjIweDIwMCwsNjE2MTYzLG9yaWdpbmFsLCxpZD00NDkzNzAwJmRhdGU9MjAxOSUyRjAyJTJGMTUsMzM5OTQ1ODk0Mw==/antienos-krutinele-su-balzaminiame-acte-karamelizuotais-vysniniais-pomidoriukais-5c667a4a1c623.jpg
115,Šventinis keksas su Gediminaičių stulpais,6 asm.,https://www.15min.lt/maistas/receptas/sventinis-keksas-su-gediminaiciu-stulpais-7804,https://s1.15min.lt/static/cache/MjIweDIwMCwsNjE2MTYzLG9yaWdpbmFsLCxpZD00NDg3MzQ2JmRhdGU9MjAxOSUyRjAyJTJGMTIsODUwNzkxNjQw/keksas-su-gediminaiciu-stulpais-5c62a24046217.jpg
116,Pica bulviniu padu,2 asm.,https://www.15min.lt/maistas/receptas/pica-bulviniu-padu-7802,https://s1.15min.lt/static/cache/MjIweDIwMCwsNjE2MTYzLG9yaWdpbmFsLCxpZD00NDg1MjA2JmRhdGU9MjAxOSUyRjAyJTJGMTEsMzA0MjM3MTc2OQ==/pica-bulviniu-padu-5c613b22c8dba.jpg
117,Karštas šokoladas su aitriąja paprika,4 asm.,https://www.15min.lt/maistas/receptas/karstas-sokoladas-su-aitriaja-paprika-7800,https://s1.15min.lt/static/cache/MjIweDIwMCw3NTB4NTEwLDYxNjE2MyxvcmlnaW5hbCwsaWQ9NDQ4OTEwNCZkYXRlPTIwMTklMkYwMiUyRjEzLDExMjY5NDcyODI=/karstas-sokoladas-su-cili-pipirais-5c63d337becdc.jpg
118,Baklažanų ir avinžirnių tadžinas su abrikosais ir apelsinais,2 asm.,https://www.15min.lt/maistas/receptas/baklazanu-ir-avinzirniu-tadzinas-su-abrikosais-ir-apelsinais-7798,https://s1.15min.lt/static/cache/MjIweDIwMCwsNjE2MTYzLG9yaWdpbmFsLCxpZD00NDg2NzA4JmRhdGU9MjAxOSUyRjAyJTJGMTIsMTAxNzIwNjc0OA==/baklazanu-ir-avinzirniu-tadzinas-5c62776cea094.jpeg
119,Desertas „Pavlova“ su spanguolėmis ir aguonomis,10 asm.,https://www.15min.lt/maistas/receptas/desertas-pavlova-su-spanguolemis-ir-aguonomis-7796,https://s1.15min.lt/static/cache/MjIweDIwMCwsNjE2MTYzLG9yaWdpbmFsLCxpZD00NDc5Mzc4JmRhdGU9MjAxOSUyRjAyJTJGMDYsMTE3NjI2MzA0MQ==/desertas-pavlova-su-spanguolemis-ir-aguonomis-5c5b4422577e9.jpg
120,Kepti medumi glazūruoti kiaulienos šonkauliukai,2 asm.,https://www.15min.lt/maistas/receptas/kepti-medumi-glazuruoti-kiaulienos-sonkauliukai-7794,https://s1.15min.lt/static/cache/MjIweDIwMCwsNjE2MTYzLG9yaWdpbmFsLCxpZD00NDcyMDk4JmRhdGU9MjAxOSUyRjAyJTJGMDMsMjAwODYwNTM=/kepti-medumi-glazuruoti-kiaulienos-sonkauliukai-5c571f8a23bd7.jpg
121,Veganiški traškūs sausainiai su aguonomis,6 asm.,https://www.15min.lt/maistas/receptas/veganiski-traskus-sausainiai-su-aguonomis-7792,https://s1.15min.lt/static/cache/MjIweDIwMCwsNjE2MTYzLG9yaWdpbmFsLCxpZD00NDc2NjkyJmRhdGU9MjAxOSUyRjAyJTJGMDUsMjkxMzY4MDQ0Ng==/traskus-sausainiai-su-aguonomis-5c5997b8f1863.jpg
122,Trapūs žemės riešutų sviesto sausainiai su rūkyta paprika,6 asm.,https://www.15min.lt/maistas/receptas/trapus-zemes-riesutu-sviesto-sausainiai-su-rukyta-paprika-7790,https://s1.15min.lt/static/cache/MjIweDIwMCwzOTV4Mzc2LDYxNjE2MyxvcmlnaW5hbCwsaWQ9NDQ3NTQ4NCZkYXRlPTIwMTklMkYwMiUyRjA0LDIyODkzNzUyOTY=/riesutu-sviesto-sausainiai-5c5899d80b637.jpg
123,Keptos kiaulių uodegos rytietiškame marinate,4 asm.,https://www.15min.lt/maistas/receptas/keptos-kiauliu-uodegos-rytietiskame-marinate-7788,https://s1.15min.lt/static/cache/MjIweDIwMCwsNjE2MTYzLG9yaWdpbmFsLCxpZD00NDc2MzA0JmRhdGU9MjAxOSUyRjAyJTJGMDUsMTg1OTI2ODczNQ==/keptos-kiauliu-uodegos-rytietiskame-marinate-5c595f26efe67.jpg
124,Karštas šokoladas su kardamonu,2 asm.,https://www.15min.lt/maistas/receptas/karstas-sokoladas-su-kardamonu-7786,https://s1.15min.lt/static/cache/MjIweDIwMCwsNjE2MzUwLG9yaWdpbmFsLCxpZD05NjE2OTAmZGF0ZT0yMDEzJTJGMTElMkYyNiw0MTE3OTU0MTQz/karstas-gerimas-52947b27acc87.jpg
125,Karštas šokoladas su cinamonu,2 asm.,https://www.15min.lt/maistas/receptas/karstas-sokoladas-su-cinamonu-7784,https://s1.15min.lt/static/cache/MjIweDIwMCwsNjE2MTYzLG9yaWdpbmFsLCxpZD00NDUzNTE0JmRhdGU9MjAxOSUyRjAxJTJGMjQsODAyMjE2Nzk0/karstas-sokoladas-5c4979ff31a82.jpg
126,Imbierinis karštas šokoladas,2 asm.,https://www.15min.lt/maistas/receptas/imbierinis-karstas-sokoladas-7782,https://s1.15min.lt/static/cache/MjIweDIwMCwsNjE2MTYzLG9yaWdpbmFsLCxpZD00NDUzNTEyJmRhdGU9MjAxOSUyRjAxJTJGMjQsMzY1NjI0NDg5Mg==/karstas-sokoladas-5c4979fed2386.jpg
127,Apelsininis karštas šokolado gėrimas,4 asm.,https://www.15min.lt/maistas/receptas/apelsininis-karstas-sokolado-gerimas-7780,https://s1.15min.lt/static/cache/MjIweDIwMCw3NTB4NTAyLDYxNjE2MyxvcmlnaW5hbCwsaWQ9NDQ1MzUxMCZkYXRlPTIwMTklMkYwMSUyRjI0LDEzMDAyNTU4ODk=/karstas-sokoladas-5c4979fe68a19.jpg
128,Kiaulienos išpjovos medalionai su karamelizuotais šalotiniais svogūnais,4 asm.,https://www.15min.lt/maistas/receptas/kiaulienos-ispjovos-medalionai-su-karamelizuotais-salotiniais-svogunais-7778,https://s1.15min.lt/static/cache/MjIweDIwMCwsNjE2MTYzLG9yaWdpbmFsLCxpZD00NDY5MjUwJmRhdGU9MjAxOSUyRjAyJTJGMDEsMzk3ODQ1ODYzOA==/kiaulienos-ispjovos-medalionai-su-karamelizuotais-salotiniais-svogunais-5c5440c36f54f.jpg
129,Naminiai šokoladiniai saldainiai su migdolais ir slyvomis,6 asm.,https://www.15min.lt/maistas/receptas/naminiai-sokoladiniai-saldainiai-su-migdolais-ir-slyvomis-7776,https://s1.15min.lt/static/cache/MjIweDIwMCwsNjE2MTYzLG9yaWdpbmFsLCxpZD00NDY5MjQ4JmRhdGU9MjAxOSUyRjAyJTJGMDEsMzc1NzU3OTE5Mg==/kiaulienos-ispjovos-medalionai-su-karamelizuotais-salotiniais-svogunais-5c5440c30af25.jpg
130,"Sotus, burnoje tirpstantis veršienos kulninės troškinys",4 asm.,https://www.15min.lt/maistas/receptas/sotus-burnoje-tirpstantis-versienos-kulnines-troskinys-7774,https://s1.15min.lt/static/cache/MjIweDIwMCw2OTl4NDc5LDYxNjE2MyxvcmlnaW5hbCwsaWQ9NDQ2MzMxMiZkYXRlPTIwMTklMkYwMSUyRjI5LDMyOTI2MTkyNw==/vesienos-kulnines-troskinys-5c503e471f43b.jpg
131,Pomidorinis sviestinių pupelių ir bolivinių balandų troškinys,4 asm.,https://www.15min.lt/maistas/receptas/pomidorinis-sviestiniu-pupeliu-ir-boliviniu-balandu-troskinys-7772,https://s1.15min.lt/static/cache/MjIweDIwMCwsNjE2MTYzLG9yaWdpbmFsLCxpZD00NDYyNTI2JmRhdGU9MjAxOSUyRjAxJTJGMjgsMTMyNjYzOTE2MA==/pomidorinis-sviestiniu-pupeliu-ir-boliviniu-balandu-troskinys-5c4f20135bb06.jpg
132,Veganiškas raudonųjų lęšių lavašas,2 asm.,https://www.15min.lt/maistas/receptas/veganiskas-raudonuju-lesiu-lavasas-7770,https://s1.15min.lt/static/cache/MjIweDIwMCwsNjE2MTYzLG9yaWdpbmFsLCxpZD00NDY0MzM0JmRhdGU9MjAxOSUyRjAxJTJGMzAsNDE0MDM3MzIxMg==/raudonuju-lesiu-lavasas-5c515c0c99fd8.jpg
133,Klasikinis balzaminio acto padažas salotoms,4 asm.,https://www.15min.lt/maistas/receptas/klasikinis-balzaminio-acto-padazas-salotoms-7768,https://s1.15min.lt/static/cache/MjIweDIwMCw4NzB4NDUzLDYxNjE2MyxvcmlnaW5hbCwsaWQ9NDQ0OTc2OCZkYXRlPTIwMTklMkYwMSUyRjIyLDEwMzY5MTMwMDc=/ruosiamos-salotos-5c47420a47652.jpg
134,Pikantiškas garstyčių-acto padažas salotoms,4 asm.,https://www.15min.lt/maistas/receptas/pikantiskas-garstyciu-acto-padazas-salotoms-7766,https://s1.15min.lt/static/cache/MjIweDIwMCw5NjJ4ODczLDYxNjE2MyxvcmlnaW5hbCwsaWQ9MjgyMjYwMCZkYXRlPTIwMTclMkYwMiUyRjIzLDY5NzgxNjE4/actas-58af3c4dc4dec.jpg
135,Blynų tortas su varškės kremu ir sūria karamele,4 asm.,https://www.15min.lt/maistas/receptas/blynu-tortas-su-varskes-kremu-ir-suria-karamele-7764,https://s1.15min.lt/static/cache/MjIweDIwMCwsNjE2MTYzLG9yaWdpbmFsLCxpZD00NDU5NTcyJmRhdGU9MjAxOSUyRjAxJTJGMjYsMTMxMDk4NzY0OQ==/blynu-tortas-su-varskes-kremu-ir-suria-karamele-5c4c5621974bf.jpg
136,Citrininis padažas su čiobreliais,4 asm.,https://www.15min.lt/maistas/receptas/citrininis-padazas-su-ciobreliais-7762,https://s1.15min.lt/static/cache/MjIweDIwMCw5OTR4NzIzLDYxODk3NixvcmlnaW5hbCwsaWQ9MTM3NDUxOCZkYXRlPTIwMTUlMkYwMyUyRjE4LDI3MzI0OTMzNDY=/salotu-padazas-5509875f9f70f.jpg
137,„Piemenėlių pyragą“ primenanti soti mėsos ir daržovių sriuba,6 asm.,https://www.15min.lt/maistas/receptas/piemeneliu-pyraga-primenanti-soti-mesos-ir-darzoviu-sriuba-7760,https://s1.15min.lt/static/cache/MjIweDIwMCw3OTF4NTAyLDYxNjE2MyxvcmlnaW5hbCwsaWQ9NDQ1Njg0MCZkYXRlPTIwMTklMkYwMSUyRjI1LDIwMTA2NTk4MzE=/darzoviu-sriuba-su-malta-jautiena-5c4b1f8467b2e.jpg
138,Medaus padažas su pipirais salotoms,4 asm.,https://www.15min.lt/maistas/receptas/medaus-padazas-su-pipirais-salotoms-7758,https://s1.15min.lt/static/cache/MjIweDIwMCwsNjE2MTYzLG9yaWdpbmFsLCxpZD0yNzc4NTkyJmRhdGU9MjAxNyUyRjAyJTJGMDYsMTAwNzY1NzMyNg==/granatu-melasa-58988ed51add4.jpg
139,Pasakiškai skanus picos vyniotinis,6 asm.,https://www.15min.lt/maistas/receptas/pasakiskai-skanus-picos-vyniotinis-7756,https://s1.15min.lt/static/cache/MjIweDIwMCw3MzZ4NjYyLDYxNjE2MyxvcmlnaW5hbCwsaWQ9NDQ2Njk4NiZkYXRlPTIwMTklMkYwMSUyRjMxLDEzODQ0NzMwNjA=/picos-vyniotinis-5c52d8077ce92.jpg
140,Varškės keksas su šaldytomis uogomis,6 asm.,https://www.15min.lt/maistas/receptas/varskes-keksas-su-saldytomis-uogomis-7754,https://s1.15min.lt/static/cache/MjIweDIwMCwsNjE2MTYzLG9yaWdpbmFsLCxpZD00NDY5NjU2JmRhdGU9MjAxOSUyRjAyJTJGMDEsNDU3NDI5NTk1/varskes-keksas-su-saldytomis-uogomis-5c545da33069d.jpeg
141,"Tahini, goji ir kokosų batonėliai",4 asm.,https://www.15min.lt/maistas/receptas/tahini-goji-ir-kokosu-batoneliai-7752,https://s1.15min.lt/static/cache/MjIweDIwMCwsNjE2MTYzLG9yaWdpbmFsLCxpZD00NDY4MzgyJmRhdGU9MjAxOSUyRjAyJTJGMDEsMzc4Mjg3OTU1Mg==/tahini-goji-ir-kokosu-batoneliai-5c540101342e4.jpg
142,"Prancūziškas „Coq au Vin“, arba vyne troškintas viščiukas",10 asm.,https://www.15min.lt/maistas/receptas/prancuziskas-coq-au-vin-arba-vyne-troskintas-visciukas-7750,https://s1.15min.lt/static/cache/MjIweDIwMCwsNjE2MTYzLG9yaWdpbmFsLCxpZD00NDc0MDA0JmRhdGU9MjAxOSUyRjAyJTJGMDQsMzA1NDIzNzE0Nw==/vyne-troskintasvisciukas-5c581dec40d47.jpg
143,Lazdyno riešutų vyniotinis,8 asm.,https://www.15min.lt/maistas/receptas/lazdyno-riesutu-vyniotinis-7748,https://s1.15min.lt/static/cache/MjIweDIwMCwsNjE2MTYzLG9yaWdpbmFsLCxpZD00NDU1NjgyJmRhdGU9MjAxOSUyRjAxJTJGMjUsMzMyNzc3MjU4Mw==/menkes-ir-kreveciu-kotletukai-su-jogurto-padazu-5c4ad02e8062a.jpg
144,Menkės ir krevečių kotletukai su jogurto padažu,4 asm.,https://www.15min.lt/maistas/receptas/menkes-ir-kreveciu-kotletukai-su-jogurto-padazu-7746,https://s1.15min.lt/static/cache/MjIweDIwMCwsNjE2MTYzLG9yaWdpbmFsLCxpZD00NDU1Njc4JmRhdGU9MjAxOSUyRjAxJTJGMjUsMzY5MDMyMTkwMA==/menkes-ir-kreveciu-kotletukai-su-jogurto-padazu-5c4ad02d49251.jpg
145,Keptos bulvės su balzaminiu actu,4 asm.,https://www.15min.lt/maistas/receptas/keptos-bulves-su-balzaminiu-actu-7744,https://s1.15min.lt/static/cache/MjIweDIwMCwsNjE2MTYzLG9yaWdpbmFsLCxpZD00NDIxNzU4JmRhdGU9MjAxOSUyRjAxJTJGMDksNDA2MDEzMzYwNg==/bulves-5c35c9d4d7c4c.jpg
146,Keptos bulvės su garstyčiomis,4 asm.,https://www.15min.lt/maistas/receptas/keptos-bulves-su-garstyciomis-7742,https://s1.15min.lt/static/cache/MjIweDIwMCw3MTh4NTI3LDYxNjE2MyxvcmlnaW5hbCwsaWQ9NDQyMTc2MCZkYXRlPTIwMTklMkYwMSUyRjA5LDM1NTk1MjczNzM=/bulves-5c35c9d54f2c7.jpg
147,Veganiški orkaitėje kepti žagarėliai,4 asm.,https://www.15min.lt/maistas/receptas/veganiski-orkaiteje-kepti-zagareliai-7740,https://s1.15min.lt/static/cache/MjIweDIwMCwsNjE2MTYzLG9yaWdpbmFsLCxpZD00NDI5Njk4JmRhdGU9MjAxOSUyRjAxJTJGMTMsMjgwNzE3MDAwMw==/orkaiteje-kepti-zagareliai-5c3b8a4fc38a4.jpg
148,Veganiški „sviestiniai“ sausainiai su cinamonu,4 asm.,https://www.15min.lt/maistas/receptas/veganiski-sviestiniai-sausainiai-su-cinamonu-7738,https://s1.15min.lt/static/cache/MjIweDIwMCwsNjE2MTYzLG9yaWdpbmFsLCxpZD00NDMyMjMwJmRhdGU9MjAxOSUyRjAxJTJGMTQsMjc1Mjc2MzAyMQ==/sviestiniai-sausainiai-su-cinamonu-5c3ce7ce1ab30.jpg
149,Nesaldi varškės ir špinatų tarta,4 asm.,https://www.15min.lt/maistas/receptas/nesaldi-varskes-ir-spinatu-tarta-7736,https://s1.15min.lt/static/cache/MjIweDIwMCwsNjE2MTYzLG9yaWdpbmFsLCxpZD00NDM0MDc4JmRhdGU9MjAxOSUyRjAxJTJGMTUsNDE1OTUwNDM0MA==/varskes-ir-spinatu-tarta-5c3dfd108d478.jpeg
150,Veganiškas avižinių dribsnių apkepas su obuoliais ir bananais,4 asm.,https://www.15min.lt/maistas/receptas/veganiskas-aviziniu-dribsniu-apkepas-su-obuoliais-ir-bananais-7734,https://s1.15min.lt/static/cache/MjIweDIwMCwsNjE2MTYzLG9yaWdpbmFsLCxpZD00NDQ3ODc2JmRhdGU9MjAxOSUyRjAxJTJGMjIsMTI3NzM4Nzg2/aviziniu-dribsniu-apkepas-su-obuoliais-ir-bananais-5c46ceed41a67.jpg
151,Tirštas lęšių ir baklažanų troškinys su pomidorais ir raudonėliais,2 asm.,https://www.15min.lt/maistas/receptas/tirstas-lesiu-ir-baklazanu-troskinys-su-pomidorais-ir-raudoneliais-7732,https://s1.15min.lt/static/cache/MjIweDIwMCwzNTB4NTc0LDYxNjE2MyxvcmlnaW5hbCwsaWQ9NDQzMDYxMiZkYXRlPTIwMTklMkYwMSUyRjE0LDQwMjY1NzExMDU=/troskinys-su-baklazanais-5c3c5ce2dba0d.jpg
152,Maži mieliniai štrudeliai su migdolais,5 asm.,https://www.15min.lt/maistas/receptas/mazi-mieliniai-strudeliai-su-migdolais-7730,https://s1.15min.lt/static/cache/MjIweDIwMCwsNjE2MTYzLG9yaWdpbmFsLCxpZD00NDI1MzMyJmRhdGU9MjAxOSUyRjAxJTJGMTEsMTA2MzA4NzMxNA==/mieliniai-mazi-strudeliai-su-migdolais-5c38561291c63.jpg
153,Rausvi burokėlių blyneliai,2 asm.,https://www.15min.lt/maistas/receptas/rausvi-burokeliu-blyneliai-7728,https://s1.15min.lt/static/cache/MjIweDIwMCwsNjE2MTYzLG9yaWdpbmFsLCxpZD00NDMwMzMyJmRhdGU9MjAxOSUyRjAxJTJGMTQsNDQwMzY5MDc=/burokeliu-blyneliai-5c3c462a3a182.jpg
154,Migdoliniai-jogurtiniai keksiukai su mėlynėmis,4 asm.,https://www.15min.lt/maistas/receptas/migdoliniai-jogurtiniai-keksiukai-su-melynemis-7726,https://s1.15min.lt/static/cache/MjIweDIwMCwsNjE2MTYzLG9yaWdpbmFsLCxpZD00NDMwMzk4JmRhdGU9MjAxOSUyRjAxJTJGMTQsMTQyMTQ4MTEyMA==/migdoliniai-keksiukai-su-melynemis-5c3c4bb24761e.jpg
155,Mangų ir aviečių pyragas,6 asm.,https://www.15min.lt/maistas/receptas/mangu-ir-avieciu-pyragas-7724,https://s1.15min.lt/static/cache/MjIweDIwMCwsNjE2MTYzLG9yaWdpbmFsLCxpZD00NDM5Njc4JmRhdGU9MjAxOSUyRjAxJTJGMTgsMTU4OTE5NjUwMQ==/befstrogenas-su-lazdyno-riesutu-padazu-5c418dae377cb.jpg
156,Befstrogenas su lazdyno riešutų padažu,4 asm.,https://www.15min.lt/maistas/receptas/befstrogenas-su-lazdyno-riesutu-padazu-7722,https://s1.15min.lt/static/cache/MjIweDIwMCwsNjE2MTYzLG9yaWdpbmFsLCxpZD00NDM5Njc2JmRhdGU9MjAxOSUyRjAxJTJGMTgsMjM3MzMzNTY1Mw==/befstrogenas-su-lazdyno-riesutu-padazu-5c418dad97bb7.jpg
157,Pasakiškai skanus sūrio pyragas su figomis ir apelsinais,10 asm.,https://www.15min.lt/maistas/receptas/pasakiskai-skanus-surio-pyragas-su-figomis-ir-apelsinais-7720,https://s1.15min.lt/static/cache/MjIweDIwMCwzNzR4NjMwLDYxNjE2MyxvcmlnaW5hbCwsaWQ9NDQyMzE0NCZkYXRlPTIwMTklMkYwMSUyRjEwLDEyNDU0MDIwMTk=/surio-pyragas-5c36f421743d9.jpg
158,Virtas jaučio liežuvis su grybais pagal žydišką receptą,2 asm.,https://www.15min.lt/maistas/receptas/virtas-jaucio-liezuvis-su-grybais-pagal-zydiska-recepta-7718,https://s1.15min.lt/static/cache/MjIweDIwMCwsNjE2MTYzLG9yaWdpbmFsLCxpZD00NDM5NDUyJmRhdGU9MjAxOSUyRjAxJTJGMTgsMTU0ODI5NzM5OQ==/jaucio-liezuvis-su-grybais-5c417e2ac467b.jpg
159,Kvapnus jogurtinis keksas su citrinomis,6 asm.,https://www.15min.lt/maistas/receptas/kvapnus-jogurtinis-keksas-su-citrinomis-7716,https://s1.15min.lt/static/cache/MjIweDIwMCwsNjE2MTYzLG9yaWdpbmFsLCxpZD00NDQzMzMyJmRhdGU9MjAxOSUyRjAxJTJGMTgsMjY0MDgzMzE1Mg==/jogurtinis-keksas-su-citrinomis-5c422f7f5c1f1.jpg
160,Tirštasis bananinis kokteilis su kava,1 asm.,https://www.15min.lt/maistas/receptas/tirstasis-bananinis-kokteilis-su-kava-7714,https://s1.15min.lt/static/cache/MjIweDIwMCw3NDJ4NTgyLDYxNjE2MyxvcmlnaW5hbCwsaWQ9NDQ0NjI3MiZkYXRlPTIwMTklMkYwMSUyRjIxLDI1MjQxOTE0ODk=/bananinis-kokteilis-su-kava-ir-kakava-5c4592448c1dc.jpg
161,Kepta višta piene pagal Jamie Oliverį,6 asm.,https://www.15min.lt/maistas/receptas/kepta-vista-piene-pagal-jamie-oliveri-7712,https://s1.15min.lt/static/cache/MjIweDIwMCwyOTN4NDExLDYxNjE2MyxvcmlnaW5hbCwsaWQ9NDQ0ODk0NCZkYXRlPTIwMTklMkYwMSUyRjIyLDQxMDQ2MDA2MDc=/kepta-vista-5c47194d0fd72.jpg
162,Lengvučiai kopūstų kotletukai su krapais,2 asm.,https://www.15min.lt/maistas/receptas/lengvuciai-kopustu-kotletukai-su-krapais-7710,https://s1.15min.lt/static/cache/MjIweDIwMCw3MjZ4NjQzLDYxNjE2MyxvcmlnaW5hbCwsaWQ9NDQ0NzExMCZkYXRlPTIwMTklMkYwMSUyRjIxLDE2MDgyOTU2NzM=/kopustu-kepsneliai-5c45c9d8ebe8b.jpg
163,Mielinė pynė su mėlynių uogiene ir kreminiu sūriu,6 asm.,https://www.15min.lt/maistas/receptas/mieline-pyne-su-melyniu-uogiene-ir-kreminiu-suriu-7708,https://s1.15min.lt/static/cache/MjIweDIwMCwsNjE2MTYzLG9yaWdpbmFsLCxpZD00NDU0MTcyJmRhdGU9MjAxOSUyRjAxJTJGMjQsMjU4OTQ2MzI4OA==/mieline-pyne-5c49b166d1448.jpg
164,Šokoladiniai pūstų ryžių kąsneliai,4 asm.,https://www.15min.lt/maistas/receptas/sokoladiniai-pustu-ryziu-kasneliai-7706,https://s1.15min.lt/static/cache/MjIweDIwMCwsNjE2MTYzLG9yaWdpbmFsLCxpZD00NDU1NTc0JmRhdGU9MjAxOSUyRjAxJTJGMjUsMjU4NTUxODg3Ng==/sokoladiniai-pustu-ryziu-kasneliai-5c4ac8395293a.jpeg
165,Lengvos kepto kalafioro salotos su pistacijomis ir žolelėmis,4 asm.,https://www.15min.lt/maistas/receptas/lengvos-kepto-kalafioro-salotos-su-pistacijomis-ir-zolelemis-7704,https://s1.15min.lt/static/cache/MjIweDIwMCw3NjB4NTg4LDYxNjE2MyxvcmlnaW5hbCwsaWQ9NDQyMjA0MiZkYXRlPTIwMTklMkYwMSUyRjA5LDM4NjY1MjQ1MzQ=/kepti-kalafiorai-5c35deec8f9cc.jpg
166,"Tailandietiškas karis su moliūgais, pupelėmis ir avinžirniais",2 asm.,https://www.15min.lt/maistas/receptas/tailandietiskas-karis-su-moliugais-pupelemis-ir-avinzirniais-7702,https://s1.15min.lt/static/cache/MjIweDIwMCw0ODR4NTI3LDYxNjE2MyxvcmlnaW5hbCwsaWQ9NDQzNjk1OCZkYXRlPTIwMTklMkYwMSUyRjE3LDExNjM2MDk0NDE=/tailandietiskas-karis-su-moliugais-pupelemis-ir-avinzirniais-5c402c5b7a339.jpg
167,Portugališkos čiūros su pieninio šokolado padažu,4 asm.,https://www.15min.lt/maistas/receptas/portugaliskos-ciuros-su-pieninio-sokolado-padazu-7700,https://s1.15min.lt/static/cache/MjIweDIwMCwsNjE2MTYzLG9yaWdpbmFsLCxpZD00NDEzMDYwJmRhdGU9MjAxOSUyRjAxJTJGMDQsMTczMzEwNjIz/ciuros-su-pieninio-sokolado-padazu-5c2f45493c4fb.jpg
168,Lengva ir nekaloringa trinta brokolių ir špinatų sriuba,6 asm.,https://www.15min.lt/maistas/receptas/lengva-ir-nekaloringa-trinta-brokoliu-ir-spinatu-sriuba-7698,https://s1.15min.lt/static/cache/MjIweDIwMCwsNjE2MTYzLG9yaWdpbmFsLCxpZD00NDEzMDU2JmRhdGU9MjAxOSUyRjAxJTJGMDQsMzMwNjIzNjQ0MQ==/ciuros-su-pieninio-sokolado-padazu-5c2f454864319.jpg
169,Keptas jūrų ešerys portugališkai,2 asm.,https://www.15min.lt/maistas/receptas/keptas-juru-eserys-portugaliskai-7696,https://s1.15min.lt/static/cache/MjIweDIwMCwsNjE2MTYzLG9yaWdpbmFsLCxpZD00NDE0MTc4JmRhdGU9MjAxOSUyRjAxJTJGMDQsMjQ2NDQ5NDIxOA==/juru-eserys-portugaliskai-5c2fc13f71598.jpg
170,Prancūziškas migdolinis pyragas Trijų Karalių šventei,6 asm.,https://www.15min.lt/maistas/receptas/prancuziskas-migdolinis-pyragas-triju-karaliu-sventei-7694,https://s1.15min.lt/static/cache/MjIweDIwMCwsNjE2MTYzLG9yaWdpbmFsLCxpZD00NDE0MjE4JmRhdGU9MjAxOSUyRjAxJTJGMDQsMjUzMjM5NzM2Nw==/prancuziskas-migdolinis-pyragas-5c2fc6b650012.jpg
171,"Lengvos mandarinų, fetos ir karamelizuotų migdolų salotos",2 asm.,https://www.15min.lt/maistas/receptas/lengvos-mandarinu-fetos-ir-karamelizuotu-migdolu-salotos-7692,https://s1.15min.lt/static/cache/MjIweDIwMCwsNjE2MTYzLG9yaWdpbmFsLCxpZD00NDEwMjEwJmRhdGU9MjAxOSUyRjAxJTJGMDIsODYyMzQ4MDc1/mandarinu-fetos-ir-karamelizuotu-migdolusalotos-5c2d1a0d3a705.jpeg
172,"Mielinės bandelės su cinamonu, praturtintos moliūgais",6 asm.,https://www.15min.lt/maistas/receptas/mielines-bandeles-su-cinamonu-praturtintos-moliugais-7690,https://s1.15min.lt/static/cache/MjIweDIwMCwsNjE2MTYzLG9yaWdpbmFsLCxpZD00NDEyMzQ4JmRhdGU9MjAxOSUyRjAxJTJGMDMsMTc1MDI0MDIwOA==/bandeles-su-cinamonu-praturtintos-moliugais-5c2e733db87e3.jpg
173,"Vafliai, pertepti riešutų-datulių įdaru",4 asm.,https://www.15min.lt/maistas/receptas/vafliai-pertepti-riesutu-datuliu-idaru-7688,https://s1.15min.lt/static/cache/MjIweDIwMCwsNjE2MTYzLG9yaWdpbmFsLCxpZD00NDE2MTA0JmRhdGU9MjAxOSUyRjAxJTJGMDYsNDE0NDE0NzQ5Mg==/vafliai-su-pertepimu-5c3261f1ac26e.jpg
174,Bananų duona su „Nutella“ įdaru,6 asm.,https://www.15min.lt/maistas/receptas/bananu-duona-su-nutella-idaru-7686,https://s1.15min.lt/static/cache/MjIweDIwMCw4MDl4NDcxLDYxNjE2MyxvcmlnaW5hbCwsaWQ9NDQxMTA0OCZkYXRlPTIwMTklMkYwMSUyRjAzLDIxNTU0MDYwOTk=/bananu-duona-su-nutella-5c2de5a0d5bec.jpg
175,"Itališki mėsos kukuliukai su rikota, troškinti su paprikomis",4 asm.,https://www.15min.lt/maistas/receptas/italiski-mesos-kukuliukai-su-rikota-troskinti-su-paprikomis-7684,https://s1.15min.lt/static/cache/MjIweDIwMCw0NjJ4MzEyLDYxNjE2MyxvcmlnaW5hbCwsaWQ9NDQxMDIxNCZkYXRlPTIwMTklMkYwMSUyRjAyLDI2Mzg4NDY0MTY=/mesos-kukuliuku-troskintu-su-raudonosiomis-paprikomis-gaminimas-5c2d1cf0771b9.jpg
176,Mieliniai „mazgeliai“ su cinamonu ir razinomis,6 asm.,https://www.15min.lt/maistas/receptas/mieliniai-mazgeliai-su-cinamonu-ir-razinomis-7682,https://s1.15min.lt/static/cache/MjIweDIwMCw0MDZ4NDEyLDYxNjE2MyxvcmlnaW5hbCwsaWQ9NDQwOTI4MCZkYXRlPTIwMTklMkYwMSUyRjAyLDM5MTk0NDMxOTE=/cinamonines-bandeles-5c2ca890670f9.jpg
177,Su čiobreliais keptas viščiukas ir česnakinės bulvės,4 asm.,https://www.15min.lt/maistas/receptas/su-ciobreliais-keptas-visciukas-ir-cesnakines-bulves-7680,https://s1.15min.lt/static/cache/MjIweDIwMCw3NzZ4NjgwLDYxNjE2MyxvcmlnaW5hbCwsaWQ9NDQwOTA2MCZkYXRlPTIwMTklMkYwMSUyRjAyLDE1MDMxMTEyNTE=/keptas-visciukas-5c2c8971e9fba.jpg
178,Žiemiškas įvairiausių daržovių apkepas,4 asm.,https://www.15min.lt/maistas/receptas/ziemiskas-ivairiausiu-darzoviu-apkepas-7678,https://s1.15min.lt/static/cache/MjIweDIwMCw2MzR4NDI0LDYxNjE2MyxvcmlnaW5hbCwsaWQ9NDQxNjc4MiZkYXRlPTIwMTklMkYwMSUyRjA3LDM2NTM5NTUzOTk=/darzoviu-apkepas-5c332cc3cb328.jpg
179,Bulvių ir svogūnų apkepas su ančių taukais,4 asm.,https://www.15min.lt/maistas/receptas/bulviu-ir-svogunu-apkepas-su-anciu-taukais-7676,https://s1.15min.lt/static/cache/MjIweDIwMCwsNjE2MTYzLG9yaWdpbmFsLCxpZD00NDE1MTM4JmRhdGU9MjAxOSUyRjAxJTJGMDUsOTQ2MjcxMjkx/bulviu-ir-svogunu-apkepas-su-anciu-taukais-5c3111e34beef.jpg
180,Pikantiški sausainiai su medumi ir pipirais,6 asm.,https://www.15min.lt/maistas/receptas/pikantiski-sausainiai-su-medumi-ir-pipirais-7674,https://s1.15min.lt/static/cache/MjIweDIwMCwzMzl4NzE0LDYxNjE2MyxvcmlnaW5hbCwsaWQ9NDQxNjE1MCZkYXRlPTIwMTklMkYwMSUyRjA2LDg3MTk0MTQ4Ng==/sausainiai-su-prieskoniais-5c326917312e8.jpg
181,Lietiniai blynai su šokoladu ir bananais,4 asm.,https://www.15min.lt/maistas/receptas/lietiniai-blynai-su-sokoladu-ir-bananais-7672,https://s1.15min.lt/static/cache/MjIweDIwMCw3MjZ4NTc2LDYxNjE2MyxvcmlnaW5hbCwsaWQ9NDQxODQ4NiZkYXRlPTIwMTklMkYwMSUyRjA4LDE3NDIxNDQ2NjQ=/lietiniai-su-sokoladu-5c3460d1ebbf1.jpg
182,Labai paprastas ir skanus orkaitėje keptas vilkešeris,2 asm.,https://www.15min.lt/maistas/receptas/labai-paprastas-ir-skanus-orkaiteje-keptas-vilkeseris-7670,https://s1.15min.lt/static/cache/MjIweDIwMCwsNjE2MTYzLG9yaWdpbmFsLCxpZD00NDE4NjcyJmRhdGU9MjAxOSUyRjAxJTJGMDgsMjU0NzQ2OTU0MQ==/orkaiteje-keptas-vilkeseris-5c346599f096c.jpg
183,"Gražus, kvapnus ir drėgnas citrininis keksas su aguonomis",8 asm.,https://www.15min.lt/maistas/receptas/grazus-kvapnus-ir-dregnas-citrininis-keksas-su-aguonomis-7668,https://s1.15min.lt/static/cache/MjIweDIwMCw4OTF4NjM1LDYxNjE2MyxvcmlnaW5hbCwsaWQ9NDQxODcxNCZkYXRlPTIwMTklMkYwMSUyRjA4LDE2MjMwODU1MDY=/citrininis-keksas-su-aguonomis-5c34699284fe7.jpg
184,Šveicariško morengo desertas su avietėmis,6 asm.,https://www.15min.lt/maistas/receptas/sveicarisko-morengo-desertas-su-avietemis-7666,https://s1.15min.lt/static/cache/MjIweDIwMCwsNjE2MTYzLG9yaWdpbmFsLCxpZD00NDI1MjE4JmRhdGU9MjAxOSUyRjAxJTJGMTEsMTI2MzAyODEwOQ==/sluoksniuotos-teslos-pyragas-su-vistiena-ir-pievagrybiais-5c384a49d9a58.jpg
185,Sluoksniuotos tešlos pyragas su vištiena ir pievagrybiais,6 asm.,https://www.15min.lt/maistas/receptas/sluoksniuotos-teslos-pyragas-su-vistiena-ir-pievagrybiais-7664,https://s1.15min.lt/static/cache/MjIweDIwMCwsNjE2MTYzLG9yaWdpbmFsLCxpZD00NDI1MjIwJmRhdGU9MjAxOSUyRjAxJTJGMTEsMTQ3MjM5MDA3NQ==/sluoksniuotos-teslos-pyragas-su-vistiena-ir-pievagrybiais-5c384a4a6ba9c.jpg
186,Skanieji avižiniai „Hobnobs“ sausainiai be pridėtinio cukraus,6 asm.,https://www.15min.lt/maistas/receptas/skanieji-aviziniai-hobnobs-sausainiai-be-pridetinio-cukraus-7662,https://s1.15min.lt/static/cache/MjIweDIwMCwsNjE2MTYzLG9yaWdpbmFsLCxpZD00NDI2MTUyJmRhdGU9MjAxOSUyRjAxJTJGMTEsNDE2MzEyODQ2Nw==/aviziniai-hobnobs-sausainiai-5c389dd14aa9e.jpg
187,Uzbekiška avienos sriuba su ryžiais „Mastava“,8 asm.,https://www.15min.lt/maistas/receptas/uzbekiska-avienos-sriuba-su-ryziais-mastava-7660,https://s1.15min.lt/static/cache/MjIweDIwMCw4MTd4NTk5LDYxNjE2MyxvcmlnaW5hbCwsaWQ9NDQyMjg5MiZkYXRlPTIwMTklMkYwMSUyRjA5LDI2MzQ1NTIxMzU=/uzbekiska-sriuba-mastava-5c3651a43ec1f.jpg
188,Nekepti džiovintų vaisių saldukai,6 asm.,https://www.15min.lt/maistas/receptas/nekepti-dziovintu-vaisiu-saldukai-7658,https://s1.15min.lt/static/cache/MjIweDIwMCwzNTV4NTg4LDYxNjE2MyxvcmlnaW5hbCwsaWQ9NDQyNjc1MCZkYXRlPTIwMTklMkYwMSUyRjExLDMzODU3NzgzOTE=/dziovintu-vaisiu-saldukai-5c38cecd1a568.jpg
189,Aguonų pyragas su mandarinais,6 asm.,https://www.15min.lt/maistas/receptas/aguonu-pyragas-su-mandarinais-7656,https://s1.15min.lt/static/cache/MjIweDIwMCw0NDB4NDY3LDYxNjE2MyxvcmlnaW5hbCwsaWQ9MzEyNjIzNCZkYXRlPTIwMTclMkYwNiUyRjEyLDE4NzgxODQ4MzA=/lietiniai-su-varske-ir-uogomis-593e947ee7cf8.jpg
190,Kalėdinis pyragas su džiovintais vaisiais,6 asm.,https://www.15min.lt/maistas/receptas/kaledinis-pyragas-su-dziovintais-vaisiais-7654,https://s1.15min.lt/static/cache/MjIweDIwMCwsNjE2MTYzLG9yaWdpbmFsLCxpZD0zNTYxNDEwJmRhdGU9MjAxNyUyRjEyJTJGMTQsNjU0MDkzOTkx/pyragas-5a3271c01ebaa.jpg
191,Šaldytų uogų ir burokėlių kokteilis,2 asm.,https://www.15min.lt/maistas/receptas/saldytu-uogu-ir-burokeliu-kokteilis-7652,https://s1.15min.lt/static/cache/MjIweDIwMCwsNjE2MTYzLG9yaWdpbmFsLCxpZD0zNTk4NzE4JmRhdGU9MjAxOCUyRjAxJTJGMDQsMTg1NTQ2MDU5OQ==/tirstasis-kokteilis-5a4e5dba59b24.jpg
192,Energijos suteikiantis obuolių kokteilis,1 asm.,https://www.15min.lt/maistas/receptas/energijos-suteikiantis-obuoliu-kokteilis-7650,https://s1.15min.lt/static/cache/MjIweDIwMCw5MzF4MzcyLDYxNjE2MyxvcmlnaW5hbCwsaWQ9MzQ1NDUxNiZkYXRlPTIwMTclMkYxMCUyRjMxLDIzMDQ1MDkzOTk=/moteris-megaujasi-glotnuciu-59f87f29869da.jpg
193,Gaivus mėtinis gėrimas,2 asm.,https://www.15min.lt/maistas/receptas/gaivus-metinis-gerimas-7648,https://s1.15min.lt/static/cache/MjIweDIwMCw3MzF4MjI4LDYxNjE2MyxvcmlnaW5hbCwsaWQ9MzQ1NDUxNCZkYXRlPTIwMTclMkYxMCUyRjMxLDEwMzIwMjg2OTU=/moteris-megaujasi-glotnuciu-59f87f2908fd2.jpg
194,Žaliasis kivių kokteilis su špinatais,1 asm.,https://www.15min.lt/maistas/receptas/zaliasis-kiviu-kokteilis-su-spinatais-7646,https://s1.15min.lt/static/cache/MjIweDIwMCwsNjE2MTYzLG9yaWdpbmFsLCxpZD0zNDE5Nzk4JmRhdGU9MjAxNyUyRjEwJTJGMTYsMjQ4NjA1MDM3OA==/glotnutis-59e4a68c94e29.jpg
195,Įdaryta vištos krūtinėlė su aštriais karamelizuotais obuoliais,4 asm.,https://www.15min.lt/maistas/receptas/idaryta-vistos-krutinele-su-astriais-karamelizuotais-obuoliais-7644,https://s1.15min.lt/static/cache/MjIweDIwMCw4OTZ4NTYwLDYxNjE2MyxvcmlnaW5hbCwsaWQ9NDQwMjUyOCZkYXRlPTIwMTglMkYxMiUyRjI4LDQyNjUxMTExMjk=/idaryta-vistienos-krutinele-5c25ed09044b0.jpg
196,Šventinis riešutų vyniotinis su varške,10 asm.,https://www.15min.lt/maistas/receptas/sventinis-riesutu-vyniotinis-su-varske-7642,https://s1.15min.lt/static/cache/MjIweDIwMCwsNjE2MTYzLG9yaWdpbmFsLCxpZD00NDAzMTY4JmRhdGU9MjAxOCUyRjEyJTJGMjgsMzQxNzUzNjgzMg==/riesutu-vyniotinis-su-varske-5c26240a85109.jpg
197,Meksikietiškas Trijų Karalių pyragas „Rosca de reyes“,10 asm.,https://www.15min.lt/maistas/receptas/meksikietiskas-triju-karaliu-pyragas-rosca-de-reyes-7640,https://s1.15min.lt/static/cache/MjIweDIwMCwsNjE2MTYzLG9yaWdpbmFsLCxpZD00Mzc3Nzc0JmRhdGU9MjAxOCUyRjEyJTJGMTMsMzMwODMxOTE0OQ==/meksikietiskas-triju-karaliu-pyragas-5c12255543809.jpg
198,Kepti ankštiniai pipirai su brinzos sūriu,2 asm.,https://www.15min.lt/maistas/receptas/kepti-ankstiniai-pipirai-su-brinzos-suriu-7638,https://s1.15min.lt/static/cache/MjIweDIwMCwsNjE2MTYzLG9yaWdpbmFsLCxpZD00NDAzNjM2JmRhdGU9MjAxOCUyRjEyJTJGMjgsNjI1NzQ0NTQy/ankstiniai-pipirai-su-brinza-5c26809b7ef3c.jpg
199,Kvapnus pyragas su karamelizuotais mandarinais,6 asm.,https://www.15min.lt/maistas/receptas/kvapnus-pyragas-su-karamelizuotais-mandarinais-7636,https://s1.15min.lt/static/cache/MjIweDIwMCwsNjE2MTYzLG9yaWdpbmFsLCxpZD00NDAxNzkwJmRhdGU9MjAxOCUyRjEyJTJGMjcsMjUyNjM5OTM3OA==/mandarininis-pyragas-5c250948ad512.jpg
